"year","id","sex","terr","adjlat","adjlong","subpop","inb","off_mat","nmates","pkins"
"1990","238","2","182","414","722","R1W","0","2","1","0"
"1991","238","2","141","418","816","R1W","0","5","4","0"
"1992","238","2","179","435","801","R1W","0","3","3","0"
"1993","238","2","96","363","824","R1W","0","1","1","0"
"1990","245","2","105","1009","906","R1E","0","1","1","0"
"2006","523","2","218","305","0","R2","0","0","0",NA
"2007","523","2","218","305","0","R2","0","0","0",NA
"2006","536","1","175","267","27","R2","0","0","0",NA
"2007","536","1","175","267","27","R2","0","0","0",NA
"2006","543","1","3","112","351","R2","0","0","0",NA
"2007","543","1","3","112","351","R2","0","0","0",NA
"2006","545","1","137","402","844","R1W","0","0","0",NA
"2007","545","1","137","402","844","R1W","0","0","0",NA
"2006","551","2","234","554","858","R1W","0","0","0",NA
"2007","551","2","234","554","858","R1W","0","0","0",NA
"2006","562","1","178","426","787","R1W","0","0","0",NA
"2007","562","1","178","426","787","R1W","0","0","0",NA
"2006","569","1","145","404","789","R1W","0","0","0",NA
"2007","569","1","145","404","789","R1W","0","0","0",NA
"2006","572","2","286","130","496","SSW","0","0","0",NA
"2007","572","2","286","130","496","SSW","0","0","0",NA
"2006","576","2","11","335","826","R1W","0.009490966796875","0","0",NA
"2007","576","2","11","335","826","R1W","0.009490966796875","0","0",NA
"2006","589","2","215","526","764","R1W","0","0","0",NA
"2007","589","2","215","526","764","R1W","0","0","0",NA
"2006","592","1","226","467","692","R1W","0","0","0",NA
"2007","592","1","226","467","692","R1W","0","0","0",NA
"2006","599","2","254","615","796","R1W","0","0","0",NA
"2007","599","2","254","615","796","R1W","0","0","0",NA
"2006","621","1","139","415","842","R1W","0","0","0",NA
"2007","621","1","139","415","842","R1W","0","0","0",NA
"2006","628","1","90","351","831","R1W","0","0","0",NA
"2007","628","1","90","351","831","R1W","0","0","0",NA
"2006","634","2","242","540","726","R1W","0","0","0",NA
"2007","634","2","242","540","726","R1W","0","0","0",NA
"2006","659","2","58","903","963","R1E","0","0","0",NA
"2007","659","2","58","903","963","R1E","0","0","0",NA
"2006","667","1","25","830","913","R1E","0","0","0",NA
"2007","667","1","25","830","913","R1E","0","0","0",NA
"2006","676","2","245","613","927","R1W","0.175171375274658","0","0",NA
"2007","676","2","245","613","927","R1W","0.175171375274658","0","0",NA
"2006","683","2","263","700","787","R1E","0","0","0",NA
"2007","683","2","263","700","787","R1E","0","0","0",NA
"2006","727","1","105","1009","906","R1E","0","0","0",NA
"2007","727","1","105","1009","906","R1E","0","0","0",NA
"1990","902","2","246","592","856","R1W","0","2","2","0"
"1991","902","2","249","586","837","R1W","0","0","0",NA
"1990","904","1","23","825","886","R1E","0","1","1","0"
"1991","904","1","23","825","886","R1E","0","3","3","0"
"1990","905","2","256","671","944","R1W","0","0","0",NA
"1990","906","2","68","943","860","R1E","0","2","1","0"
"1991","906","2","108","968","881","R1E","0","3","1","0"
"1992","906","2","108","968","881","R1E","0","3","2","0"
"1993","906","2","108","968","881","R1E","0","3","2","0"
"1990","907","2","66","904","885","R1E","0","4","2","0"
"1991","907","2","73","911","800","R1E","0","2","2","0"
"1990","908","1","49","873","887","R1E","0","2","1","0"
"1991","908","1","49","873","887","R1E","0","0","0",NA
"1990","910","1","60","927","902","R1E","0","0","0",NA
"1990","911","1","73","911","800","R1E","0","1","1","0"
"1990","912","1","50","888","882","R1E","0","2","1","0"
"1991","912","1","60","927","902","R1E","0","3","2","0"
"1992","912","1","60","927","902","R1E","0","5","5","0"
"1993","912","1","102","974","912","R1E","0","4","3","0"
"1994","912","1","103","986","912","R1E","0","0","0",NA
"1990","916","1","247","583","860","R1W","0","0","0",NA
"1991","916","1","246","592","856","R1W","0","4","2","0"
"1990","918","2","172","439","787","R1W","0","2","0",NA
"1990","919","1","137","402","844","R1W","0","0","0",NA
"1991","919","1","106","998","887","R1E","0","0","0",NA
"1990","920","1","145","404","789","R1W","0","1","1","0"
"1991","920","1","145","404","789","R1W","0","2","1","0"
"1992","920","1","149","394","780","R1W","0","1","1","0"
"1993","920","1","149","394","780","R1W","0","1","1","0"
"1990","921","1","234","554","858","R1W","0","1","1","0"
"1991","921","1","234","554","858","R1W","0","1","1","0"
"1992","921","1","202","509","812","R1W","0","4","4","0"
"1990","922","1","52","879","822","R1E","0","0","0",NA
"1990","923","2","106","998","887","R1E","0","0","0",NA
"1991","923","2","106","998","887","R1E","0","0","0",NA
"1992","923","2","103","986","912","R1E","0","0","0",NA
"1993","923","2","103","986","912","R1E","0","1","1","0"
"1990","924","1","153","377","758","R1W","0","1","1","0"
"1991","924","1","153","377","758","R1W","0","1","1","0"
"1990","925","1","226","467","692","R1W","0","0","0",NA
"1991","925","1","226","467","692","R1W","0","0","0",NA
"1992","1062","1","280","286","601","SSW","0","0","0",NA
"1993","1062","1","280","286","601","SSW","0","0","0",NA
"1994","1062","1","50","888","882","R1E","0","0","0",NA
"1995","1175","2","218","305","0","R2","0","1","1","0"
"1996","1175","2","218","305","0","R2","0","0","0",NA
"1992","1231","1","24","844","882","R1E","0","0","0",NA
"1993","1231","1","24","844","882","R1E","0","1","1","0"
"1994","1231","1","24","844","882","R1E","0","1","1","0"
"1995","1231","1","24","844","882","R1E","0","2","2","0.126953125"
"1996","1231","1","24","844","882","R1E","0","3","3","0.0592447916666667"
"1997","1231","1","24","844","882","R1E","0","2","1","0.1015625"
"1991","1232","1","53","884","811","R1E","0","0","0",NA
"1992","1232","1","53","884","811","R1E","0","1","1","0"
"1993","1232","1","53","884","811","R1E","0","0","0",NA
"1992","1235","1","39","875","931","R1E","0","0","0",NA
"1993","1235","1","22","812","898","R1E","0","3","2","0.171875"
"1994","1235","1","22","812","898","R1E","0","0","0",NA
"1991","1236","2","41","888","930","R1E","0","0","0",NA
"1992","1236","2","41","888","930","R1E","0","2","2","0"
"1993","1236","2","41","888","930","R1E","0","7","6","0.078125"
"1994","1236","2","41","888","930","R1E","0","2","2","0.15625"
"1992","1238","2","49","873","887","R1E","0","0","0",NA
"1993","1238","2","139","415","842","R1W","0","0","0",NA
"1992","1239","1","40","888","940","R1E","0","0","0",NA
"1993","1239","1","39","875","931","R1E","0","0","0",NA
"1992","1240","1","250","575","792","R1W","0","0","0",NA
"1993","1240","1","250","575","792","R1W","0","0","0",NA
"1994","1240","1","251","592","749","R1W","0","0","0",NA
"1991","1242","2","246","592","856","R1W","0","0","0",NA
"1992","1242","2","246","592","856","R1W","0","1","1","0"
"1993","1242","2","246","592","856","R1W","0","3","2","0"
"1994","1242","2","249","586","837","R1W","0","0","0",NA
"1995","1242","2","234","554","858","R1W","0","0","0",NA
"1992","1243","2","250","575","792","R1W","0.125","0","0",NA
"1993","1243","2","210","491","776","R1W","0.125","0","0",NA
"1994","1243","2","210","491","776","R1W","0.125","0","0",NA
"1991","1244","2","249","586","837","R1W","0","0","0",NA
"1992","1244","2","249","586","837","R1W","0","3","2","0.0625"
"1993","1244","2","249","586","837","R1W","0","1","1","0"
"1994","1244","2","236","568","813","R1W","0","0","0",NA
"1991","1245","2","141","418","816","R1W","0","0","0",NA
"1992","1245","2","141","418","816","R1W","0","1","1","0"
"1993","1245","2","178","426","787","R1W","0","2","2","0.0625"
"1994","1245","2","178","426","787","R1W","0","1","1","0.125"
"1995","1245","2","178","426","787","R1W","0","6","4","0.0234375"
"1996","1245","2","178","426","787","R1W","0","2","2","0.015625"
"1992","1247","1","174","441","774","R1W","0","0","0",NA
"1993","1247","1","176","455","766","R1W","0","4","4","0.046875"
"1994","1247","1","176","455","766","R1W","0","3","3","0.03125"
"1995","1247","1","176","455","766","R1W","0","3","2","0.03125"
"1991","1248","1","16","854","997","R1E","0","0","0",NA
"1992","1248","1","16","854","997","R1E","0","0","0",NA
"1992","1250","1","73","911","800","R1E","0.125","0","0",NA
"1993","1250","1","53","884","811","R1E","0.125","3","3","0.0260416666666667"
"1994","1250","1","53","884","811","R1E","0.125","2","2","0.23046875"
"1995","1250","1","53","884","811","R1E","0.125","0","0",NA
"1995","1261","1","92","155","90","R2","0","0","0",NA
"1996","1261","1","92","155","90","R2","0","0","0",NA
"1995","1262","2","93","176","88","R2","0","10","6","0"
"1996","1262","2","93","176","88","R2","0","0","0",NA
"1995","1267","2","7","106","306","R2","0","2","1","0"
"1996","1267","2","7","106","306","R2","0","2","1","0"
"1992","1278","2","178","426","787","R1W","0","0","0",NA
"1993","1278","2","174","441","774","R1W","0","2","2","0.0625"
"1994","1278","2","139","415","842","R1W","0","2","1","0"
"1991","1280","2","204","511","791","R1W","0","0","0",NA
"1992","1280","2","204","511","791","R1W","0","3","2","0"
"1993","1280","2","204","511","791","R1W","0","1","1","0"
"1994","1280","2","202","509","812","R1W","0","1","1","0"
"1992","1282","2","234","554","858","R1W","0","0","0",NA
"1993","1282","2","234","554","858","R1W","0","0","0",NA
"1994","1282","2","234","554","858","R1W","0","2","2","0.046875"
"1991","1285","2","251","592","749","R1W","0","0","0",NA
"1992","1285","2","251","592","749","R1W","0","0","0",NA
"1992","1354","1","176","455","766","R1W","0","0","0",NA
"1993","1354","1","176","455","766","R1W","0","0","0",NA
"1992","1356","1","10","304","793","R1W","0","0","0",NA
"1993","1356","1","10","304","793","R1W","0","2","2","0.0625"
"1991","1357","2","147","387","791","R1W","0","0","0",NA
"1992","1357","2","147","387","791","R1W","0","1","1","0"
"1993","1357","2","147","387","791","R1W","0","1","1","0"
"1994","1357","2","147","387","791","R1W","0","2","2","0"
"1995","1357","2","147","387","791","R1W","0","2","2","0.125"
"1996","1357","2","147","387","791","R1W","0","3","2","0.1875"
"1997","1357","2","147","387","791","R1W","0","0","0",NA
"1998","1357","2","147","387","791","R1W","0","1","1","0"
"1992","1359","2","60","927","902","R1E","0","0","0",NA
"1993","1359","2","60","927","902","R1E","0","0","0",NA
"1992","1361","1","200","517","842","R1W","0","0","0",NA
"1993","1361","1","200","517","842","R1W","0","0","0",NA
"1994","1361","1","200","517","842","R1W","0","0","0",NA
"1992","1404","1","73","911","800","R1E","0.125","0","0",NA
"1993","1404","1","73","911","800","R1E","0.125","2","2","0.234375"
"1991","1405","1","236","568","813","R1W","0","0","0",NA
"1992","1405","1","236","568","813","R1W","0","2","1","0.125"
"1993","1405","1","236","568","813","R1W","0","2","1","0.125"
"1992","1439","1","246","592","856","R1W","0","0","0",NA
"1993","1439","1","247","583","860","R1W","0","2","1","0"
"1994","1439","1","236","568","813","R1W","0","2","2","0"
"1995","1439","1","236","568","813","R1W","0","1","1","0.03125"
"1992","1440","1","182","414","722","R1W","0","0","0",NA
"1993","1440","1","182","414","722","R1W","0","2","2","0"
"1994","1440","1","151","399","775","R1W","0","1","1","0"
"1992","1443","1","63","935","890","R1E","0","0","0",NA
"1993","1443","1","63","935","890","R1E","0","2","2","0.0625"
"1994","1443","1","61","940","903","R1E","0","0","0",NA
"1995","1443","1","61","940","903","R1E","0","0","0",NA
"1991","1444","2","48","853","886","R1E","0","0","0",NA
"1992","1444","2","48","853","886","R1E","0","5","5","0.025"
"1992","1445","2","50","888","882","R1E","0","0","0",NA
"1993","1445","2","50","888","882","R1E","0","0","0",NA
"1991","1446","2","225","461","708","R1W","0","0","0",NA
"1992","1446","2","225","461","708","R1W","0","0","0",NA
"1993","1446","2","225","461","708","R1W","0","2","2","0.0625"
"1994","1446","2","226","467","692","R1W","0","1","1","0.03125"
"1995","1446","2","183","452","722","R1W","0","0","0",NA
"1996","1446","2","184","463","742","R1W","0","3","3","0.0208333333333333"
"1992","1447","2","181","404","733","R1W","0","0","0",NA
"1993","1447","2","181","404","733","R1W","0","1","1","0"
"1994","1447","2","181","404","733","R1W","0","1","1","0"
"1995","1447","2","181","404","733","R1W","0","0","0",NA
"1996","1447","2","181","404","733","R1W","0","0","0",NA
"1997","1447","2","155","405","747","R1W","0","0","0",NA
"1998","1447","2","155","405","747","R1W","0","0","0",NA
"1992","1448","1","48","853","886","R1E","0","0","0",NA
"1993","1448","1","48","853","886","R1E","0","0","0",NA
"1995","1457","2","168","264","94","R2","0","5","3","0"
"1996","1457","2","168","264","94","R2","0","1","1","0"
"1995","1476","1","5","92","328","R2","0","4","4","0"
"1996","1476","1","5","92","328","R2","0","5","3","0"
"1997","1476","1","5","92","328","R2","0","1","1","0.25"
"1995","1484","2","91","143","87","R2","0","1","1","0"
"1996","1484","2","91","143","87","R2","0","0","0",NA
"1992","1559","2","61","940","903","R1E","0","0","0",NA
"1993","1559","2","61","940","903","R1E","0","3","3","0.0885416666666667"
"1994","1559","2","60","927","902","R1E","0","1","1","0.03125"
"1995","1559","2","60","927","902","R1E","0","2","1","0.05859375"
"1996","1559","2","63","935","890","R1E","0","2","2","0.0341796875"
"1992","1560","2","32","868","984","R1E","0","0","0",NA
"1993","1560","2","32","868","984","R1E","0","0","0",NA
"1994","1560","2","32","868","984","R1E","0","3","1","0.125"
"1995","1560","2","16","854","997","R1E","0","0","0",NA
"1992","1561","1","38","889","972","R1E","0","0","0",NA
"1993","1561","1","38","889","972","R1E","0","1","1","0.0625"
"1994","1561","1","56","907","991","R1E","0","1","1","0.109375"
"1995","1561","1","56","907","991","R1E","0","0","0",NA
"1992","1562","1","68","943","860","R1E","0","0","0",NA
"1993","1562","1","68","943","860","R1E","0","1","1","0"
"1992","1563","1","38","889","972","R1E","0","0","0",NA
"1993","1563","1","38","889","972","R1E","0","0","0",NA
"1992","1564","1","22","812","898","R1E","0","0","0",NA
"1993","1564","1","22","812","898","R1E","0","0","0",NA
"1992","1565","1","63","935","890","R1E","0","0","0",NA
"1993","1565","1","63","935","890","R1E","0","1","1","0"
"1992","1566","1","40","888","940","R1E","0","0","0",NA
"1993","1566","1","40","888","940","R1E","0","0","0",NA
"1992","1567","2","202","509","812","R1W","0","0","0",NA
"1993","1567","2","202","509","812","R1W","0","0","0",NA
"1994","1567","2","235","527","826","R1W","0","3","3","0.0729166666666667"
"1992","1568","2","151","399","775","R1W","0","0","0",NA
"1993","1568","2","151","399","775","R1W","0","2","2","0.09375"
"1994","1568","2","149","394","780","R1W","0","1","0",NA
"1995","1568","2","149","394","780","R1W","0","0","0",NA
"1996","1568","2","145","404","789","R1W","0","0","0",NA
"1992","1570","1","149","394","780","R1W","0","0","0",NA
"1993","1570","1","149","394","780","R1W","0","0","0",NA
"1992","1571","1","30","833","826","R1E","0","0","0",NA
"1993","1571","1","30","833","826","R1E","0","1","1","0.0625"
"1994","1571","1","31","826","815","R1E","0","2","2","0.0390625"
"1992","1572","2","145","404","789","R1W","0","0","0",NA
"1993","1572","2","145","404","789","R1W","0","1","1","0"
"1992","1573","2","215","526","764","R1W","0","0","0",NA
"1993","1573","2","215","526","764","R1W","0","1","0",NA
"1994","1573","2","215","526","764","R1W","0","1","1","0"
"1995","1573","2","215","526","764","R1W","0","3","3","0"
"1996","1573","2","215","526","764","R1W","0","0","0",NA
"1992","1575","2","109","967","871","R1E","0","0","0",NA
"1993","1575","2","109","967","871","R1E","0","1","1","0"
"1994","1575","2","109","967","871","R1E","0","1","1","0"
"1992","1576","1","68","943","860","R1E","0","0","0",NA
"1993","1576","1","68","943","860","R1E","0","2","2","0"
"1992","1577","1","250","575","792","R1W","0","0","0",NA
"1993","1577","1","213","470","786","R1W","0","1","1","0"
"1994","1577","1","213","470","786","R1W","0","2","2","0"
"1992","1578","2","73","911","800","R1E","0.0625","0","0",NA
"1993","1578","2","73","911","800","R1E","0.0625","0","0",NA
"1992","1580","1","106","998","887","R1E","0","0","0",NA
"1993","1580","1","106","998","887","R1E","0","0","0",NA
"1994","1580","1","106","998","887","R1E","0","0","0",NA
"1992","1582","2","276","764","829","R1E","0.0625","0","0",NA
"1993","1582","2","276","764","829","R1E","0.0625","1","1","0.09375"
"1992","1586","2","237","543","809","R1W","0","0","0",NA
"1993","1586","2","237","543","809","R1W","0","2","1","0.125"
"1994","1586","2","237","543","809","R1W","0","0","0",NA
"1993","1588","1","49","873","887","R1E","0","0","0",NA
"1994","1588","1","32","868","984","R1E","0","5","3","0.0729166666666667"
"1995","1588","1","32","868","984","R1E","0","6","4","0.1484375"
"1996","1588","1","32","868","984","R1E","0","5","4","0.2265625"
"1992","1589","2","69","896","857","R1E","0","0","0",NA
"1993","1589","2","69","896","857","R1E","0","2","2","0"
"1994","1589","2","69","896","857","R1E","0","4","4","0"
"1995","1589","2","69","896","857","R1E","0","2","2","0.125"
"1996","1589","2","69","896","857","R1E","0","0","0",NA
"1993","1595","1","247","583","860","R1W","0","0","0",NA
"1994","1595","1","247","583","860","R1W","0","1","1","0.03125"
"1995","1595","1","247","583","860","R1W","0","1","1","0.0625"
"1996","1595","1","246","592","856","R1W","0","0","0",NA
"1995","1597","2","167","230","94","R2","0","8","4","0"
"1996","1597","2","167","230","94","R2","0","0","0",NA
"1995","1600","2","193","304","215","R2","0","1","1","0"
"1996","1600","2","193","304","215","R2","0","0","0",NA
"1995","1601","2","232","365","248","R2","0","1","1","0"
"1996","1601","2","232","365","248","R2","0","0","0",NA
"1993","1602","2","174","441","774","R1W","0.125","0","0",NA
"1994","1602","2","172","439","787","R1W","0.125","0","0",NA
"1995","1605","1","138","198","87","R2","0","6","3","0"
"1996","1605","1","138","198","87","R2","0","0","0",NA
"1993","1606","2","66","904","885","R1E","0.0625","0","0",NA
"1994","1606","2","38","889","972","R1E","0.0625","1","1","0.234375"
"1993","1607","2","176","455","766","R1W","0","0","0",NA
"1994","1607","2","174","441","774","R1W","0","0","0",NA
"1995","1607","2","174","441","774","R1W","0","1","1","0"
"1993","1610","1","249","586","837","R1W","0","0","0",NA
"1994","1610","1","249","586","837","R1W","0","0","0",NA
"1993","1611","2","182","414","722","R1W","0","0","0",NA
"1994","1611","2","182","414","722","R1W","0","1","1","0"
"1995","1611","2","182","414","722","R1W","0","1","1","0"
"1993","1612","2","61","940","903","R1E","0.125","0","0",NA
"1994","1612","2","61","940","903","R1E","0.125","0","0",NA
"1993","1613","1","137","402","844","R1W","0","0","0",NA
"1994","1613","1","137","402","844","R1W","0","0","0",NA
"1993","1614","2","23","825","886","R1E","0","0","0",NA
"1994","1614","2","50","888","882","R1E","0","2","2","0.125"
"1995","1614","2","49","873","887","R1E","0","0","0",NA
"1996","1614","2","49","873","887","R1E","0","2","2","0.0556640625"
"1997","1614","2","49","873","887","R1E","0","0","0",NA
"1993","1615","2","24","844","882","R1E","0.0625","0","0",NA
"1994","1615","2","49","873","887","R1E","0.0625","2","2","0.205078125"
"1993","1617","1","66","904","885","R1E","0.125","0","0",NA
"1994","1617","1","66","904","885","R1E","0.125","0","0",NA
"1993","1618","1","179","435","801","R1W","0.125","0","0",NA
"1994","1618","1","250","575","792","R1W","0.125","0","0",NA
"1995","1618","1","251","592","749","R1W","0.125","2","2","0.0234375"
"1993","1621","2","39","875","931","R1E","0","0","0",NA
"1994","1621","2","42","879","951","R1E","0","2","2","0.09375"
"1995","1621","2","42","879","951","R1E","0","4","2","0.15625"
"1996","1621","2","42","879","951","R1E","0","3","3","0.182291666666667"
"1997","1621","2","42","879","951","R1E","0","1","1","0.09375"
"1993","1622","2","53","884","811","R1E","0","0","0",NA
"1994","1622","2","52","879","822","R1E","0","4","4","0.1015625"
"1995","1622","2","52","879","822","R1E","0","0","0",NA
"1996","1622","2","52","879","822","R1E","0","0","0",NA
"1993","1623","1","68","943","860","R1E","0","0","0",NA
"1994","1623","1","68","943","860","R1E","0","1","1","0.03125"
"1995","1623","1","109","967","871","R1E","0","3","3","0.0729166666666667"
"1996","1623","1","108","968","881","R1E","0","0","0",NA
"1993","1625","2","102","974","912","R1E","0","0","0",NA
"1994","1625","2","102","974","912","R1E","0","1","1","0.0625"
"1995","1625","2","102","974","912","R1E","0","4","3","0.0625"
"1996","1625","2","102","974","912","R1E","0","4","2","0.0234375"
"1993","1626","1","180","425","812","R1W","0","0","0",NA
"1994","1626","1","180","425","812","R1W","0","2","2","0.046875"
"1993","1627","1","235","527","826","R1W","0","0","0",NA
"1994","1627","1","200","517","842","R1W","0","2","2","0.03125"
"1995","1627","1","200","517","842","R1W","0","0","0",NA
"1993","1628","2","225","461","708","R1W","0","0","0",NA
"1994","1628","2","225","461","708","R1W","0","0","0",NA
"1993","1629","1","182","414","722","R1W","0","0","0",NA
"1994","1629","1","182","414","722","R1W","0","0","0",NA
"1993","1630","1","176","455","766","R1W","0.125","0","0",NA
"1994","1630","1","176","455","766","R1W","0.125","0","0",NA
"1993","1631","2","145","404","789","R1W","0","0","0",NA
"1994","1631","2","145","404","789","R1W","0","0","0",NA
"1993","1632","1","105","1009","906","R1E","0","0","0",NA
"1994","1632","1","105","1009","906","R1E","0","1","1","0"
"1993","1633","1","103","986","912","R1E","0","0","0",NA
"1994","1633","1","103","986","912","R1E","0","0","0",NA
"1993","1634","2","102","974","912","R1E","0","0","0",NA
"1994","1634","2","102","974","912","R1E","0","1","1","0"
"1993","1635","1","24","844","882","R1E","0","0","0",NA
"1994","1635","1","244","631","927","R1W","0","0","0",NA
"1995","1635","1","244","631","927","R1W","0","0","0",NA
"1993","1636","2","38","889","972","R1E","0.078125","0","0",NA
"1994","1636","2","38","889","972","R1E","0.078125","1","1","0.109375"
"1995","1636","2","38","889","972","R1E","0.078125","2","1","0.125"
"1996","1636","2","38","889","972","R1E","0.078125","1","1","0.08203125"
"1997","1636","2","38","889","972","R1E","0.078125","1","1","0.10546875"
"1998","1636","2","38","889","972","R1E","0.078125","0","0",NA
"1993","1637","1","38","889","972","R1E","0.0625","0","0",NA
"1994","1637","1","38","889","972","R1E","0.0625","0","0",NA
"1993","1638","1","39","875","931","R1E","0.125","0","0",NA
"1994","1638","1","39","875","931","R1E","0.125","0","0",NA
"1993","1639","1","66","904","885","R1E","0","0","0",NA
"1994","1639","1","108","968","881","R1E","0","1","1","0"
"1993","1640","1","48","853","886","R1E","0.3125","0","0",NA
"1994","1640","1","49","873","887","R1E","0.3125","3","3","0.188802083333333"
"1995","1640","1","49","873","887","R1E","0.3125","0","0",NA
"1993","1641","2","22","812","898","R1E","0.09375","0","0",NA
"1994","1641","2","22","812","898","R1E","0.09375","3","3","0.109375"
"1995","1641","2","22","812","898","R1E","0.09375","1","1","0.08984375"
"1996","1641","2","23","825","886","R1E","0.09375","3","2","0.095703125"
"1997","1641","2","23","825","886","R1E","0.09375","4","3","0.0989583333333333"
"1993","1642","2","10","304","793","R1W","0.0625","0","0",NA
"1994","1642","2","10","304","793","R1W","0.0625","1","1","0.09375"
"1995","1642","2","10","304","793","R1W","0.0625","0","0",NA
"1996","1642","2","10","304","793","R1W","0.0625","0","0",NA
"1997","1642","2","10","304","793","R1W","0.0625","2","1","0"
"1993","1643","2","10","304","793","R1W","0.0625","0","0",NA
"1994","1643","2","10","304","793","R1W","0.0625","0","0",NA
"1993","1644","1","137","402","844","R1W","0","0","0",NA
"1994","1644","1","137","402","844","R1W","0","0","0",NA
"1993","1645","2","224","462","718","R1W","0.0625","0","0",NA
"1994","1645","2","224","462","718","R1W","0.0625","0","0",NA
"1993","1646","2","275","776","861","R1E","0","0","0",NA
"1994","1646","2","275","776","861","R1E","0","2","2","0.01953125"
"1993","1647","1","102","974","912","R1E","0","0","0",NA
"1994","1647","1","103","986","912","R1E","0","1","1","0.25"
"1995","1647","1","103","986","912","R1E","0","4","2","0.0703125"
"1996","1647","1","103","986","912","R1E","0","0","0",NA
"1993","1648","1","39","875","931","R1E","0","0","0",NA
"1994","1648","1","39","875","931","R1E","0","1","1","0.1875"
"1995","1648","1","39","875","931","R1E","0","1","1","0.015625"
"1993","1649","1","24","844","882","R1E","0.25","0","0",NA
"1994","1649","1","24","844","882","R1E","0.25","0","0",NA
"1993","1650","1","66","904","885","R1E","0.125","0","0",NA
"1994","1650","1","67","912","878","R1E","0.125","3","3","0.0989583333333333"
"1995","1650","1","67","912","878","R1E","0.125","0","0",NA
"1993","1651","1","251","592","749","R1W","0.125","0","0",NA
"1994","1651","1","251","592","749","R1W","0.125","3","3","0.0729166666666667"
"1995","1703","2","160","249","164","R2","0","1","1","0"
"1996","1703","2","160","249","164","R2","0","3","2","0"
"1997","1703","2","160","249","164","R2","0","1","1","0"
"1995","1716","2","199","288","135","R2","0","4","2","0"
"1996","1716","2","199","288","135","R2","0","0","0",NA
"1995","1722","1","81","122","257","R2","0","0","0",NA
"1996","1722","1","87","163","205","R2","0","2","1","0"
"1997","1722","1","87","163","205","R2","0","1","1","0"
"1998","1722","1","87","163","205","R2","0","0","0",NA
"1995","1729","2","278","310","6","R2","0","0","0",NA
"1996","1729","2","278","310","6","R2","0","1","1","0"
"1997","1729","2","278","310","6","R2","0","3","2","0"
"1995","1736","1","88","173","144","R2","0","1","1","0"
"1996","1736","1","88","173","144","R2","0","2","2","0"
"1994","1739","2","183","452","722","R1W","0","4","4","0"
"1995","1739","2","183","452","722","R1W","0","0","0",NA
"1995","1751","1","198","290","162","R2","0","3","1","0"
"1996","1751","1","198","290","162","R2","0","0","0",NA
"1995","1754","2","3","112","351","R2","0","1","1","0"
"1996","1754","2","3","112","351","R2","0","0","0",NA
"1995","1762","1","134","223","118","R2","0","5","4","0"
"1996","1762","1","134","223","118","R2","0","6","5","0"
"1997","1762","1","134","223","118","R2","0","4","3","0.0833333333333333"
"1995","1765","1","194","319","224","R2","0","2","2","0"
"1996","1765","1","194","319","224","R2","0","2","1","0"
"1995","1770","1","148","208","50","R2","0","4","2","0"
"1996","1770","1","148","208","50","R2","0","0","0",NA
"1995","1771","2","82","127","237","R2","0","7","5","0"
"1996","1771","2","82","127","237","R2","0","3","3","0"
"1997","1771","2","82","127","237","R2","0","4","2","0"
"1998","1771","2","82","127","237","R2","0","0","0",NA
"1995","1776","1","155","405","747","R1W","0","2","2","0"
"1995","1777","2","214","288","25","R2","0","7","4","0"
"1996","1777","2","214","288","25","R2","0","3","2","0.125"
"1997","1777","2","214","288","25","R2","0","1","1","0.25"
"1998","1777","2","214","288","25","R2","0","0","0",NA
"1995","1783","2","162","230","148","R2","0","2","2","0"
"1996","1783","2","129","222","164","R2","0","3","3","0"
"1997","1783","2","160","249","164","R2","0","0","0",NA
"1998","1783","2","160","249","164","R2","0","1","1","0"
"1999","1783","2","160","249","164","R2","0","0","0",NA
"1995","1786","1","203","281","63","R2","0","3","2","0"
"1996","1786","1","203","281","63","R2","0","0","0",NA
"1997","1786","1","203","281","63","R2","0","0","0",NA
"1995","1788","1","177","258","11","R2","0","2","2","0"
"1996","1788","1","177","258","11","R2","0","0","0",NA
"1995","1797","1","89","155","161","R2","0","6","4","0"
"1996","1797","1","89","155","161","R2","0","3","3","0"
"1997","1797","1","88","173","144","R2","0","0","0",NA
"1998","1797","1","87","163","205","R2","0","1","1","0"
"1995","1800","1","225","461","708","R1W","0","0","0",NA
"1996","1800","1","183","452","722","R1W","0","1","1","0"
"1997","1800","1","225","461","708","R1W","0","0","0",NA
"1993","1903","1","210","491","776","R1W","0","0","0",NA
"1994","1903","1","210","491","776","R1W","0","1","1","0"
"1995","1903","1","204","511","791","R1W","0","2","2","0"
"1996","1903","1","213","470","786","R1W","0","2","2","0"
"1997","1903","1","213","470","786","R1W","0","1","1","0"
"1998","1903","1","213","470","786","R1W","0","0","0",NA
"1994","1904","2","179","435","801","R1W","0.125","0","0",NA
"1995","1904","2","179","435","801","R1W","0.125","0","0",NA
"1996","1904","2","179","435","801","R1W","0.125","0","0",NA
"1993","1905","1","73","911","800","R1E","0.15625","0","0",NA
"1994","1905","1","73","911","800","R1E","0.15625","0","0",NA
"1995","1905","1","73","911","800","R1E","0.15625","0","0",NA
"1996","1905","1","73","911","800","R1E","0.15625","0","0",NA
"1994","1906","2","53","884","811","R1E","0.1796875","0","0",NA
"1995","1906","2","55","875","804","R1E","0.1796875","1","1","0.2783203125"
"1996","1906","2","73","911","800","R1E","0.1796875","1","1","0.060546875"
"1997","1906","2","73","911","800","R1E","0.1796875","0","0",NA
"1994","1907","1","24","844","882","R1E","0.23046875","0","0",NA
"1995","1907","1","225","461","708","R1W","0.23046875","1","1","0"
"1996","1907","1","226","467","692","R1W","0.23046875","1","1","0"
"1993","1908","1","23","825","886","R1E","0","0","0",NA
"1994","1908","1","23","825","886","R1E","0","1","1","0"
"1995","1908","1","23","825","886","R1E","0","0","0",NA
"1994","1911","2","49","873","887","R1E","0.15625","0","0",NA
"1995","1911","2","47","878","906","R1E","0.15625","0","0",NA
"1996","1911","2","47","878","906","R1E","0.15625","0","0",NA
"1994","1912","1","40","888","940","R1E","0.109375","0","0",NA
"1995","1912","1","40","888","940","R1E","0.109375","0","0",NA
"1994","1914","2","49","873","887","R1E","0.1796875","0","0",NA
"1995","1914","2","49","873","887","R1E","0.1796875","1","1","0.09375"
"1994","1916","2","68","943","860","R1E","0.03125","0","0",NA
"1995","1916","2","68","943","860","R1E","0.03125","1","1","0.06640625"
"1996","1916","2","68","943","860","R1E","0.03125","2","2","0.146484375"
"1997","1916","2","68","943","860","R1E","0.03125","0","0",NA
"1998","1916","2","68","943","860","R1E","0.03125","0","0",NA
"1994","1917","2","39","875","931","R1E","0.1875","0","0",NA
"1995","1917","2","41","888","930","R1E","0.1875","0","0",NA
"1993","1919","1","41","888","930","R1E","0","0","0",NA
"1994","1919","1","41","888","930","R1E","0","3","3","0.0364583333333333"
"1995","1919","1","41","888","930","R1E","0","1","1","0.0625"
"1993","1920","1","47","878","906","R1E","0","0","0",NA
"1994","1920","1","47","878","906","R1E","0","2","2","0.09375"
"1994","1922","2","63","935","890","R1E","0","0","0",NA
"1995","1922","2","64","931","886","R1E","0","4","3","0.046875"
"1994","1932","2","16","854","997","R1E","0.09375","0","0",NA
"1995","1932","2","33","888","1031","R1E","0.09375","0","0",NA
"1994","1933","2","246","592","856","R1W","0.03125","0","0",NA
"1995","1933","2","249","586","837","R1W","0.03125","1","1","0.0546875"
"1996","1933","2","236","568","813","R1W","0.03125","0","0",NA
"1997","1933","2","236","568","813","R1W","0.03125","2","2","0.04296875"
"1993","1934","1","154","386","755","R1W","0","0","0",NA
"1994","1934","1","154","386","755","R1W","0","1","1","0"
"1995","1934","1","154","386","755","R1W","0","3","3","0.0833333333333333"
"1994","1938","1","200","517","842","R1W","0","0","0",NA
"1995","1938","1","200","517","842","R1W","0","0","0",NA
"1994","1940","1","67","912","878","R1E","0.234375","0","0",NA
"1995","1940","1","75","921","1043","R1E","0.234375","1","1","0.119140625"
"1994","1943","1","53","884","811","R1E","0.28125","0","0",NA
"1995","1943","1","53","884","811","R1E","0.28125","5","4","0.125"
"1996","1943","1","53","884","811","R1E","0.28125","0","0",NA
"1994","1947","2","32","868","984","R1E","0.125","0","0",NA
"1995","1947","2","32","868","984","R1E","0.125","0","0",NA
"1994","1948","2","56","907","991","R1E","0.109375","0","0",NA
"1995","1948","2","33","888","1031","R1E","0.109375","1","1","0.15234375"
"1996","1948","2","56","907","991","R1E","0.109375","0","0",NA
"1994","1949","2","19","842","966","R1E","0","0","0",NA
"1995","1949","2","19","842","966","R1E","0","2","2","0.03125"
"1996","1949","2","19","842","966","R1E","0","2","2","0.203125"
"1997","1949","2","21","838","953","R1E","0","1","1","0.328125"
"1994","1950","2","67","912","878","R1E","0","0","0",NA
"1995","1950","2","67","912","878","R1E","0","1","1","0.015625"
"1996","1950","2","67","912","878","R1E","0","0","0",NA
"1994","1956","1","145","404","789","R1W","0","0","0",NA
"1995","1956","1","145","404","789","R1W","0","3","2","0.125"
"1994","1957","1","155","405","747","R1W","0.0625","0","0",NA
"1995","1957","1","155","405","747","R1W","0.0625","0","0",NA
"1994","1958","2","223","479","748","R1W","0.09375","0","0",NA
"1995","1958","2","223","479","748","R1W","0.09375","1","1","0"
"1996","1958","2","223","479","748","R1W","0.09375","1","1","0.0390625"
"1994","1959","2","139","415","842","R1W","0","0","0",NA
"1995","1959","2","139","415","842","R1W","0","0","0",NA
"1994","1960","2","166","458","845","R1W","0","0","0",NA
"1995","1960","2","206","492","851","R1W","0","2","2","0.0625"
"1996","1960","2","206","492","851","R1W","0","2","2","0"
"1997","1960","2","206","492","851","R1W","0","3","3","0.0520833333333333"
"1998","1960","2","206","492","851","R1W","0","1","1","0.09375"
"1999","1960","2","206","492","851","R1W","0","0","0",NA
"1994","1961","1","234","554","858","R1W","0.15625","0","0",NA
"1995","1961","1","234","554","858","R1W","0.15625","0","0",NA
"1994","1963","1","244","631","927","R1W","0","0","0",NA
"1995","1963","1","244","631","927","R1W","0","0","0",NA
"1993","1964","2","113","1023","845","R1E","0","0","0",NA
"1994","1964","2","113","1023","845","R1E","0","0","0",NA
"1995","1964","2","113","1023","845","R1E","0","0","0",NA
"1996","1964","2","113","1023","845","R1E","0","0","0",NA
"1997","1964","2","113","1023","845","R1E","0","0","0",NA
"1994","1966","2","48","853","886","R1E","0.0390625","0","0",NA
"1995","1966","2","48","853","886","R1E","0.0390625","3","3","0.100911458333333"
"1996","1966","2","48","853","886","R1E","0.0390625","3","2","0.216552734375"
"1997","1966","2","48","853","886","R1E","0.0390625","1","1","0.05419921875"
"1998","1966","2","48","853","886","R1E","0.0390625","0","0",NA
"1994","1967","1","23","825","886","R1E","0","0","0",NA
"1995","1967","1","23","825","886","R1E","0","0","0",NA
"1994","1968","1","17","864","1026","R1E","0.125","0","0",NA
"1995","1968","1","57","911","1012","R1E","0.125","4","3","0.12890625"
"1996","1968","1","57","911","1012","R1E","0.125","1","1","0.357421875"
"1994","1970","1","280","286","601","SSW","0","0","0",NA
"1995","1970","1","280","286","601","SSW","0","0","0",NA
"1996","1970","1","280","286","601","SSW","0","0","0",NA
"1994","1971","2","302","172","588","SSW","0","0","0",NA
"1995","1971","2","302","172","588","SSW","0","0","0",NA
"1996","1971","2","302","172","588","SSW","0","0","0",NA
"1994","1972","1","303","232","531","SSW","0.03125","0","0",NA
"1995","1972","1","301","182","592","SSW","0.03125","0","0",NA
"1996","1972","1","301","182","592","SSW","0.03125","0","0",NA
"1994","1973","2","227","493","696","R1W","0","0","0",NA
"1995","1973","2","227","493","696","R1W","0","1","1","0.046875"
"1996","1973","2","227","493","696","R1W","0","1","1","0.046875"
"1997","1973","2","225","461","708","R1W","0","2","1","0.15625"
"1998","1973","2","225","461","708","R1W","0","0","0",NA
"1999","1973","2","225","461","708","R1W","0","0","0",NA
"1994","1974","2","213","470","786","R1W","0","0","0",NA
"1995","1974","2","213","470","786","R1W","0","0","0",NA
"1994","1975","1","103","986","912","R1E","0","0","0",NA
"1995","1975","1","103","986","912","R1E","0","0","0",NA
"1994","1976","2","109","967","871","R1E","0","0","0",NA
"1995","1976","2","109","967","871","R1E","0","1","1","0.046875"
"1994","1977","1","67","912","878","R1E","0.0625","0","0",NA
"1995","1977","1","67","912","878","R1E","0.0625","0","0",NA
"1994","1978","1","30","833","826","R1E","0.046875","0","0",NA
"1995","1978","1","30","833","826","R1E","0.046875","2","2","0.0888671875"
"1994","1979","2","31","826","815","R1E","0.0390625","0","0",NA
"1995","1979","2","31","826","815","R1E","0.0390625","2","2","0.10107421875"
"1994","1982","2","200","517","842","R1W","0.0625","0","0",NA
"1995","1982","2","235","527","826","R1W","0.0625","1","1","0.03125"
"1996","1982","2","246","592","856","R1W","0.0625","1","1","0.015625"
"1997","1982","2","246","592","856","R1W","0.0625","3","2","0.0859375"
"1994","1983","2","250","575","792","R1W","0","0","0",NA
"1995","1983","2","250","575","792","R1W","0","0","0",NA
"1994","1984","1","210","491","776","R1W","0","0","0",NA
"1995","1984","1","210","491","776","R1W","0","0","0",NA
"1996","1984","1","210","491","776","R1W","0","3","3","0.0455729166666667"
"1994","1985","2","180","425","812","R1W","0","0","0",NA
"1995","1985","2","139","415","842","R1W","0","0","0",NA
"1996","1985","2","139","415","842","R1W","0","1","1","0.03125"
"1997","1985","2","139","415","842","R1W","0","0","0",NA
"1998","1985","2","139","415","842","R1W","0","0","0",NA
"1999","1985","2","180","425","812","R1W","0","2","2","0.138671875"
"1994","1987","2","154","386","755","R1W","0","0","0",NA
"1995","1987","2","151","399","775","R1W","0","2","2","0.125"
"1994","1992","1","111","1038","856","R1E","0","0","0",NA
"1995","1992","1","111","1038","856","R1E","0","2","2","0.048828125"
"1996","1992","1","111","1038","856","R1E","0","0","0",NA
"1997","1992","1","111","1038","856","R1E","0","2","2","0.068359375"
"1998","1992","1","111","1038","856","R1E","0","2","2","0.06494140625"
"1994","1993","2","54","884","846","R1E","0.25","0","0",NA
"1995","1993","2","54","884","846","R1E","0.25","1","1","0.052734375"
"1995","1995","1","174","441","774","R1W","0.0625","0","0",NA
"1996","1995","1","137","402","844","R1W","0.0625","2","2","0.0234375"
"1997","1995","1","137","402","844","R1W","0.0625","2","2","0.02734375"
"1994","1996","1","166","458","845","R1W","0","0","0",NA
"1995","1996","1","166","458","845","R1W","0","1","1","0.0625"
"1996","1996","1","206","492","851","R1W","0","2","2","0.1484375"
"1997","1996","1","206","492","851","R1W","0","2","2","0.046875"
"1998","1996","1","166","458","845","R1W","0","1","1","0.09375"
"1999","1996","1","166","458","845","R1W","0","1","1","0.25"
"1994","1997","1","180","425","812","R1W","0","0","0",NA
"1995","1997","1","180","425","812","R1W","0","2","2","0.04296875"
"1996","1997","1","180","425","812","R1W","0","5","4","0.015625"
"1997","1997","1","179","435","801","R1W","0","2","2","0.15234375"
"1998","1997","1","179","435","801","R1W","0","0","0",NA
"1999","1997","1","139","415","842","R1W","0","1","1","0.015625"
"1995","1999","1","252","615","741","R1W","0.09375","0","0",NA
"1996","1999","1","252","615","741","R1W","0.09375","1","1","0"
"1995","2001","1","61","940","903","R1E","0.09375","0","0",NA
"1996","2001","1","61","940","903","R1E","0.09375","4","4","0.0947265625"
"1995","2002","2","111","1038","856","R1E","0.03125","0","0",NA
"1996","2002","2","111","1038","856","R1E","0.03125","0","0",NA
"1995","2003","1","39","875","931","R1E","0.015625","0","0",NA
"1996","2003","1","39","875","931","R1E","0.015625","4","4","0.07080078125"
"1997","2003","1","39","875","931","R1E","0.015625","2","2","0.080322265625"
"1998","2003","1","39","875","931","R1E","0.015625","1","1","0.04833984375"
"1995","2004","1","22","812","898","R1E","0.046875","0","0",NA
"1996","2004","1","22","812","898","R1E","0.046875","0","0",NA
"1995","2007","1","19","842","966","R1E","0.0625","0","0",NA
"1996","2007","1","21","838","953","R1E","0.0625","0","0",NA
"1995","2008","1","50","888","882","R1E","0.1875","0","0",NA
"1996","2008","1","50","888","882","R1E","0.1875","0","0",NA
"1995","2010","2","53","884","811","R1E","0.05859375","0","0",NA
"1996","2010","2","52","879","822","R1E","0.05859375","0","0",NA
"1997","2010","2","52","879","822","R1E","0.05859375","1","1","0.124267578125"
"1995","2011","2","111","1038","856","R1E","0.06640625","0","0",NA
"1996","2011","2","119","1076","843","R1E","0.06640625","0","0",NA
"1995","2012","1","57","911","1012","R1E","0.1875","0","0",NA
"1996","2012","1","57","911","1012","R1E","0.1875","0","0",NA
"1997","2012","1","57","911","1012","R1E","0.1875","1","1","0.18603515625"
"1995","2013","1","33","888","1031","R1E","0.119140625","0","0",NA
"1996","2013","1","33","888","1031","R1E","0.119140625","4","3","0.177652994791667"
"1995","2014","2","32","868","984","R1E","0.03125","0","0",NA
"1996","2014","2","32","868","984","R1E","0.03125","1","1","0.091796875"
"1995","2015","1","54","884","846","R1E","0.05859375","0","0",NA
"1996","2015","1","54","884","846","R1E","0.05859375","0","0",NA
"1997","2015","1","54","884","846","R1E","0.05859375","1","1","0.2060546875"
"1998","2015","1","69","896","857","R1E","0.05859375","1","1","0.16796875"
"1999","2015","1","54","884","846","R1E","0.05859375","0","0",NA
"1995","2016","1","108","968","881","R1E","0.09375","0","0",NA
"1996","2016","1","105","1009","906","R1E","0.09375","3","1","0.0234375"
"1995","2017","2","109","967","871","R1E","0.03125","0","0",NA
"1996","2017","2","109","967","871","R1E","0.03125","0","0",NA
"1995","2018","1","24","844","882","R1E","0.1640625","0","0",NA
"1996","2018","1","55","875","804","R1E","0.1640625","1","1","0"
"1997","2018","1","55","875","804","R1E","0.1640625","3","1","0.030029296875"
"1995","2019","1","275","776","861","R1E","0.08984375","0","0",NA
"1996","2019","1","275","776","861","R1E","0.08984375","0","0",NA
"1995","2020","1","31","826","815","R1E","0.125","0","0",NA
"1996","2020","1","31","826","815","R1E","0.125","1","1","0.17529296875"
"1995","2021","2","24","844","882","R1E","0.08984375","0","0",NA
"1996","2021","2","24","844","882","R1E","0.08984375","0","0",NA
"1995","2022","2","32","868","984","R1E","0.3125","0","0",NA
"1996","2022","2","32","868","984","R1E","0.3125","0","0",NA
"1995","2023","2","57","911","1012","R1E","0.15234375","0","0",NA
"1996","2023","2","56","907","991","R1E","0.15234375","3","3","0.228108723958333"
"1995","2024","2","111","1038","856","R1E","0.125","0","0",NA
"1996","2024","2","111","1038","856","R1E","0.125","0","0",NA
"1995","2025","2","32","868","984","R1E","0.125","0","0",NA
"1996","2025","2","32","868","984","R1E","0.125","0","0",NA
"1995","2027","2","105","1009","906","R1E","0.125","0","0",NA
"1996","2027","2","105","1009","906","R1E","0.125","0","0",NA
"1995","2029","1","53","884","811","R1E","0.0380859375","0","0",NA
"1996","2029","1","50","888","882","R1E","0.0380859375","2","2","0.075439453125"
"1997","2029","1","50","888","882","R1E","0.0380859375","1","1","0.200927734375"
"1995","2031","1","58","903","963","R1E","0.125","0","0",NA
"1996","2031","1","56","907","991","R1E","0.125","2","2","0.234375"
"1995","2032","2","75","921","1043","R1E","0.09375","0","0",NA
"1996","2032","2","75","921","1043","R1E","0.09375","0","0",NA
"1994","2034","1","21","838","953","R1E","0.0625","0","0",NA
"1995","2034","1","21","838","953","R1E","0.0625","2","2","0.09375"
"1995","2035","2","30","833","826","R1E","0.052734375","0","0",NA
"1996","2035","2","30","833","826","R1E","0.052734375","2","2","0.110107421875"
"1997","2035","2","30","833","826","R1E","0.052734375","0","0",NA
"1994","2036","1","275","776","861","R1E","0.078125","0","0",NA
"1995","2036","1","275","776","861","R1E","0.078125","1","1","0.08984375"
"1996","2036","1","275","776","861","R1E","0.078125","2","1","0.08984375"
"1994","2037","1","244","631","927","R1W","0.0625","0","0",NA
"1995","2037","1","244","631","927","R1W","0.0625","1","1","0"
"1996","2037","1","244","631","927","R1W","0.0625","0","0",NA
"1997","2037","1","244","631","927","R1W","0.0625","3","2","0.05859375"
"1998","2037","1","244","631","927","R1W","0.0625","0","0",NA
"1999","2037","1","244","631","927","R1W","0.0625","1","1","0.02734375"
"1995","2041","2","103","986","912","R1E","0.015625","0","0",NA
"1996","2041","2","67","912","878","R1E","0.015625","0","0",NA
"1997","2041","2","66","904","885","R1E","0.015625","0","0",NA
"1998","2041","2","66","904","885","R1E","0.015625","0","0",NA
"1995","2042","2","106","998","887","R1E","0.015625","0","0",NA
"1996","2042","2","106","998","887","R1E","0.015625","0","0",NA
"1994","2044","2","16","854","997","R1E","0.125","0","0",NA
"1995","2044","2","16","854","997","R1E","0.125","2","2","0.203125"
"1996","2044","2","16","854","997","R1E","0.125","3","2","0.208984375"
"1994","2047","1","12","306","750","R1W","0","0","0",NA
"1995","2047","1","12","306","750","R1W","0","0","0",NA
"1994","2051","2","303","232","531","SSW","0","0","0",NA
"1995","2051","2","303","232","531","SSW","0","0","0",NA
"1996","2051","2","303","232","531","SSW","0","2","1","0"
"1997","2051","2","306","184","484","SSW","0","5","3","0"
"1998","2051","2","306","184","484","SSW","0","0","0",NA
"1995","2052","2","291","235","597","SSW","0","0","0",NA
"1996","2052","2","291","235","597","SSW","0","0","0",NA
"1995","2055","1","149","394","780","R1W","0.25","0","0",NA
"1996","2055","1","149","394","780","R1W","0.25","1","1","0.375"
"1997","2055","1","149","394","780","R1W","0.25","5","4","0.046875"
"1998","2055","1","149","394","780","R1W","0.25","1","1","0"
"1995","2056","1","151","399","775","R1W","0","0","0",NA
"1996","2056","1","178","426","787","R1W","0","2","2","0.01953125"
"1995","2058","2","176","455","766","R1W","0.0625","0","0",NA
"1996","2058","2","176","455","766","R1W","0.0625","0","0",NA
"1997","2058","2","176","455","766","R1W","0.0625","3","3","0.05078125"
"1998","2058","2","176","455","766","R1W","0.0625","1","1","0.0625"
"1995","2061","1","247","583","860","R1W","0.0625","0","0",NA
"1996","2061","1","247","583","860","R1W","0.0625","0","0",NA
"1997","2061","1","247","583","860","R1W","0.0625","2","2","0.068359375"
"1995","2062","2","204","511","791","R1W","0","0","0",NA
"1996","2062","2","204","511","791","R1W","0","0","0",NA
"1995","2064","2","291","235","597","SSW","0","0","0",NA
"1996","2064","2","306","184","484","SSW","0","0","0",NA
"1997","2064","2","306","184","484","SSW","0","0","0",NA
"1994","2065","2","304","207","524","SSW","0","0","0",NA
"1995","2065","2","304","207","524","SSW","0","0","0",NA
"1996","2065","2","153","377","758","R1W","0","2","2","0"
"1995","2066","1","180","425","812","R1W","0.03125","0","0",NA
"1996","2066","1","180","425","812","R1W","0.03125","0","0",NA
"1995","2067","1","103","986","912","R1E","0.125","0","0",NA
"1996","2067","1","103","986","912","R1E","0.125","2","2","0.0947265625"
"1995","2068","2","174","441","774","R1W","0.03125","0","0",NA
"1996","2068","2","174","441","774","R1W","0.03125","0","0",NA
"1995","2069","2","202","509","812","R1W","0","0","0",NA
"1996","2069","2","202","509","812","R1W","0","0","0",NA
"1997","2069","2","202","509","812","R1W","0","0","0",NA
"1998","2069","2","235","527","826","R1W","0","2","1","0.01171875"
"1995","2076","2","256","671","944","R1W","0","0","0",NA
"1996","2076","2","256","671","944","R1W","0","0","0",NA
"1995","2079","2","235","527","826","R1W","0","0","0",NA
"1996","2079","2","235","527","826","R1W","0","0","0",NA
"1997","2079","2","235","527","826","R1W","0","4","4","0.0361328125"
"1998","2079","2","235","527","826","R1W","0","0","0",NA
"1995","2081","2","251","592","749","R1W","0.046875","0","0",NA
"1996","2081","2","251","592","749","R1W","0.046875","2","2","0"
"1997","2081","2","251","592","749","R1W","0.046875","0","0",NA
"1995","2082","1","252","615","741","R1W","0","0","0",NA
"1996","2082","1","252","615","741","R1W","0","0","0",NA
"1995","2085","2","149","394","780","R1W","0","0","0",NA
"1996","2085","2","149","394","780","R1W","0","0","0",NA
"1995","2086","1","154","386","755","R1W","0","0","0",NA
"1996","2086","1","154","386","755","R1W","0","1","1","0"
"1997","2086","1","153","377","758","R1W","0","2","1","0.1484375"
"1995","2087","2","155","405","747","R1W","0.25","0","0",NA
"1996","2087","2","155","405","747","R1W","0.25","2","2","0.017578125"
"1995","2088","1","179","435","801","R1W","0.0546875","0","0",NA
"1996","2088","1","192","324","240","R2","0.0546875","0","0",NA
"1995","2091","2","166","458","845","R1W","0.0625","0","0",NA
"1996","2091","2","166","458","845","R1W","0.0625","2","2","0.16015625"
"1997","2091","2","166","458","845","R1W","0.0625","2","2","0.03125"
"1998","2091","2","166","458","845","R1W","0.0625","0","0",NA
"1995","2092","1","149","394","780","R1W","0","0","0",NA
"1996","2092","1","149","394","780","R1W","0","0","0",NA
"1995","2093","2","155","405","747","R1W","0","0","0",NA
"1996","2093","2","182","414","722","R1W","0","0","0",NA
"1997","2093","2","182","414","722","R1W","0","5","4","0.056640625"
"1998","2093","2","182","414","722","R1W","0","1","1","0"
"1999","2093","2","182","414","722","R1W","0","0","0",NA
"1995","2095","1","275","776","861","R1E","0.2783203125","0","0",NA
"1996","2095","1","275","776","861","R1E","0.2783203125","0","0",NA
"1995","2096","2","108","968","881","R1E","0.125","0","0",NA
"1996","2096","2","108","968","881","R1E","0.125","1","1","0.080078125"
"1997","2096","2","109","967","871","R1E","0.125","0","0",NA
"1998","2096","2","108","968","881","R1E","0.125","0","0",NA
"1995","2098","2","204","511","791","R1W","0","0","0",NA
"1996","2098","2","204","511","791","R1W","0","0","0",NA
"1995","2301","1","138","198","87","R2","0","0","0",NA
"1996","2301","1","95","143","64","R2","0","1","1","0"
"1997","2301","1","95","143","64","R2","0","1","1","0"
"1995","2302","1","138","198","87","R2","0","0","0",NA
"1996","2302","1","138","198","87","R2","0","0","0",NA
"1995","2303","2","94","129","58","R2","0","0","0",NA
"1996","2303","2","94","129","58","R2","0","0","0",NA
"1995","2304","1","146","192","41","R2","0","0","0",NA
"1996","2304","1","146","192","41","R2","0","1","1","0"
"1995","2305","1","173","236","48","R2","0","0","0",NA
"1996","2305","1","173","236","48","R2","0","1","1","0"
"1995","2306","1","134","223","118","R2","0","0","0",NA
"1996","2306","1","134","223","118","R2","0","0","0",NA
"1995","2307","1","221","309","34","R2","0","0","0",NA
"1996","2307","1","221","309","34","R2","0","0","0",NA
"1995","2308","1","219","313","8","R2","0","0","0",NA
"1996","2308","1","219","313","8","R2","0","0","0",NA
"1995","2310","1","198","290","162","R2","0","0","0",NA
"1996","2310","1","198","290","162","R2","0","0","0",NA
"1995","2312","2","140","198","82","R2","0","0","0",NA
"1996","2312","2","148","208","50","R2","0","4","3","0"
"1997","2312","2","148","208","50","R2","0","1","1","0"
"1995","2314","2","146","192","41","R2","0","0","0",NA
"1996","2314","2","146","192","41","R2","0","0","0",NA
"1997","2314","2","93","176","88","R2","0","6","5","0.025"
"1998","2314","2","93","176","88","R2","0","0","0",NA
"1995","2315","2","134","223","118","R2","0","0","0",NA
"1996","2315","2","134","223","118","R2","0","0","0",NA
"1995","2316","2","173","236","48","R2","0","0","0",NA
"1996","2316","2","169","265","53","R2","0","0","0",NA
"1997","2316","2","169","265","53","R2","0","2","2","0"
"1998","2316","2","169","265","53","R2","0","2","2","0"
"1999","2316","2","169","265","53","R2","0","0","0",NA
"1995","2317","1","175","267","27","R2","0","0","0",NA
"1996","2317","1","175","267","27","R2","0","0","0",NA
"1995","2318","2","175","267","27","R2","0","0","0",NA
"1996","2318","2","175","267","27","R2","0","0","0",NA
"1995","2319","1","219","313","8","R2","0","0","0",NA
"1996","2319","1","219","313","8","R2","0","0","0",NA
"1995","2320","1","221","309","34","R2","0","0","0",NA
"1996","2320","1","221","309","34","R2","0","0","0",NA
"1995","2321","2","212","291","47","R2","0","0","0",NA
"1996","2321","2","212","291","47","R2","0","2","1","0.25"
"1997","2321","2","212","291","47","R2","0","1","1","0"
"1998","2321","2","212","291","47","R2","0","0","0",NA
"1995","2323","1","203","281","63","R2","0","0","0",NA
"1996","2323","1","196","293","196","R2","0","1","1","0.25"
"1995","2324","1","168","264","94","R2","0","0","0",NA
"1996","2324","1","168","264","94","R2","0","0","0",NA
"1995","2325","2","198","290","162","R2","0","0","0",NA
"1996","2325","2","198","290","162","R2","0","0","0",NA
"1997","2325","2","198","290","162","R2","0","0","0",NA
"1995","2326","1","1","54","374","R2","0","0","0",NA
"1996","2326","1","1","54","374","R2","0","0","0",NA
"1997","2326","1","4","112","336","R2","0","0","0",NA
"1995","2328","2","133","215","134","R2","0","0","0",NA
"1996","2328","2","133","215","134","R2","0","1","1","0"
"1995","2330","2","4","112","336","R2","0","0","0",NA
"1996","2330","2","4","112","336","R2","0","3","2","0"
"1997","2330","2","4","112","336","R2","0","0","0",NA
"1995","2331","2","87","163","205","R2","0","0","0",NA
"1996","2331","2","87","163","205","R2","0","0","0",NA
"1995","2332","2","130","185","186","R2","0","0","0",NA
"1996","2332","2","130","185","186","R2","0","0","0",NA
"1995","2333","2","88","173","144","R2","0","0","0",NA
"1996","2333","2","88","173","144","R2","0","0","0",NA
"1995","2334","1","132","201","126","R2","0","0","0",NA
"1996","2334","1","132","201","126","R2","0","0","0",NA
"1995","2335","1","129","222","164","R2","0","0","0",NA
"1996","2335","1","129","222","164","R2","0","0","0",NA
"1995","2336","2","160","249","164","R2","0","0","0",NA
"1996","2336","2","130","185","186","R2","0","4","3","0"
"1997","2336","2","130","185","186","R2","0","1","1","0"
"1998","2336","2","88","173","144","R2","0","0","0",NA
"1999","2336","2","88","173","144","R2","0","0","0",NA
"1995","2337","1","197","276","180","R2","0","0","0",NA
"1996","2337","1","197","276","180","R2","0","1","1","0"
"1995","2338","2","197","276","180","R2","0","0","0",NA
"1996","2338","2","197","276","180","R2","0","0","0",NA
"1995","2339","1","158","266","211","R2","0","0","0",NA
"1996","2339","1","158","266","211","R2","0","0","0",NA
"1995","2340","2","191","286","232","R2","0","1","1","0"
"1996","2340","2","191","286","232","R2","0","0","0",NA
"1995","2341","1","233","370","263","R2","0","1","1","0"
"1996","2341","1","233","370","263","R2","0","0","0",NA
"1995","2343","2","233","370","263","R2","0","0","0",NA
"1996","2343","2","233","370","263","R2","0","0","0",NA
"1995","2344","1","133","215","134","R2","0","0","0",NA
"1996","2344","1","133","215","134","R2","0","0","0",NA
"1997","2344","1","133","215","134","R2","0","0","0",NA
"1998","2344","1","133","215","134","R2","0","0","0",NA
"1999","2344","1","133","215","134","R2","0","0","0",NA
"2000","2344","1","133","215","134","R2","0","1","0",NA
"2001","2344","1","133","215","134","R2","0","0","0",NA
"1995","2346","2","83","136","227","R2","0","0","0",NA
"1996","2346","2","83","136","227","R2","0","1","1","0"
"1995","2347","1","84","135","209","R2","0","0","0",NA
"1996","2347","1","83","136","227","R2","0","1","1","0"
"1997","2347","1","83","136","227","R2","0","1","1","0"
"1998","2347","1","83","136","227","R2","0","0","0",NA
"1995","2348","1","194","319","224","R2","0","0","0",NA
"1996","2348","1","194","319","224","R2","0","0","0",NA
"1995","2349","2","194","319","224","R2","0","0","0",NA
"1996","2349","2","194","319","224","R2","0","0","0",NA
"1995","2351","1","94","129","58","R2","0","3","3","0"
"1996","2351","1","94","129","58","R2","0","1","1","0"
"1997","2351","1","94","129","58","R2","0","2","1","0.25"
"1995","2352","2","94","129","58","R2","0","0","0",NA
"1996","2352","2","91","143","87","R2","0","2","2","0"
"1997","2352","2","95","143","64","R2","0","4","3","0.125"
"1998","2352","2","95","143","64","R2","0","0","0",NA
"1995","2353","2","140","198","82","R2","0","0","0",NA
"1996","2353","2","140","198","82","R2","0","0","0",NA
"1995","2354","1","138","198","87","R2","0","0","0",NA
"1996","2354","1","138","198","87","R2","0","0","0",NA
"1995","2355","1","168","264","94","R2","0","0","0",NA
"1996","2355","1","193","304","215","R2","0","0","0",NA
"1997","2355","1","193","304","215","R2","0","0","0",NA
"1995","2356","2","169","265","53","R2","0","0","0",NA
"1996","2356","2","169","265","53","R2","0","1","1","0"
"1995","2358","2","173","236","48","R2","0","0","0",NA
"1996","2358","2","173","236","48","R2","0","0","0",NA
"1995","2360","2","198","290","162","R2","0","0","0",NA
"1996","2360","2","198","290","162","R2","0","0","0",NA
"1996","2362","1","8","118","284","R2","0","0","0",NA
"1997","2362","1","8","118","284","R2","0","0","0",NA
"1995","2363","1","9","117","271","R2","0","0","0",NA
"1996","2363","1","9","117","271","R2","0","2","2","0"
"1997","2363","1","9","117","271","R2","0","3","1","0"
"1996","2364","1","199","288","135","R2","0","0","0",NA
"1997","2364","1","199","288","135","R2","0","1","1","0.0625"
"1998","2364","1","199","288","135","R2","0","0","0",NA
"1995","2366","2","173","236","48","R2","0","0","0",NA
"1996","2366","2","173","236","48","R2","0","1","1","0"
"1997","2366","2","173","236","48","R2","0","0","0",NA
"1998","2366","2","173","236","48","R2","0","0","0",NA
"1996","2367","2","81","122","257","R2","0","0","0",NA
"1997","2367","2","81","122","257","R2","0","1","1","0.0625"
"1996","2368","1","3","112","351","R2","0","0","0",NA
"1997","2368","1","3","112","351","R2","0","0","0",NA
"1996","2369","2","194","319","224","R2","0","0","0",NA
"1997","2369","2","194","319","224","R2","0","1","1","0"
"1996","2370","2","158","266","211","R2","0","0","0",NA
"1997","2370","2","198","290","162","R2","0","4","3","0.104166666666667"
"1995","2371","1","233","370","263","R2","0","0","0",NA
"1996","2371","1","233","370","263","R2","0","0","0",NA
"1997","2371","1","233","370","263","R2","0","0","0",NA
"1996","2373","1","89","155","161","R2","0","0","0",NA
"1997","2373","1","159","234","186","R2","0","2","2","0"
"1996","2376","1","191","286","232","R2","0","0","0",NA
"1997","2376","1","197","276","180","R2","0","3","2","0"
"1998","2376","1","197","276","180","R2","0","0","0",NA
"1999","2376","1","197","276","180","R2","0","0","0",NA
"1995","2381","1","138","198","87","R2","0","0","0",NA
"1996","2381","1","138","198","87","R2","0","0","0",NA
"1997","2381","1","138","198","87","R2","0","1","1","0"
"1998","2381","1","93","176","88","R2","0","0","0",NA
"1996","2382","1","85","159","220","R2","0","0","0",NA
"1997","2382","1","85","159","220","R2","0","0","0",NA
"1995","2383","1","243","385","269","R2","0","0","0",NA
"1996","2383","1","243","385","269","R2","0","0","0",NA
"1997","2383","1","243","385","269","R2","0","0","0",NA
"1996","2385","2","167","230","94","R2","0","0","0",NA
"1997","2385","2","167","230","94","R2","0","0","0",NA
"1995","2387","1","218","305","0","R2","0","0","0",NA
"1996","2387","1","218","305","0","R2","0","2","2","0"
"1997","2387","1","218","305","0","R2","0","2","2","0"
"1996","2388","2","5","92","328","R2","0","0","0",NA
"1997","2388","2","7","106","306","R2","0","1","1","0.25"
"1998","2388","2","7","106","306","R2","0","1","1","0"
"1999","2388","2","7","106","306","R2","0","0","0",NA
"1996","2390","2","216","282","2","R2","0","0","0",NA
"1997","2390","2","219","313","8","R2","0","0","0",NA
"1998","2390","2","219","313","8","R2","0","0","0",NA
"1996","2391","2","216","282","2","R2","0","0","0",NA
"1997","2391","2","216","282","2","R2","0","1","1","0"
"1998","2391","2","216","282","2","R2","0","0","0",NA
"1996","2392","1","194","319","224","R2","0","0","0",NA
"1997","2392","1","192","324","240","R2","0","1","1","0"
"1998","2392","1","231","340","254","R2","0","0","0",NA
"1999","2392","1","231","340","254","R2","0","1","0",NA
"1998","2438","2","291","235","597","SSW","0.0625","0","0",NA
"1999","2438","2","291","235","597","SSW","0.0625","0","0",NA
"1998","2442","1","306","184","484","SSW","0","0","0",NA
"1999","2442","1","303","232","531","SSW","0","0","0",NA
"1998","2444","2","306","184","484","SSW","0.0625","0","0",NA
"1999","2444","2","301","182","592","SSW","0.0625","0","0",NA
"1998","2447","2","307","168","493","SSW","0","0","0",NA
"1999","2447","2","307","168","493","SSW","0","1","1","0"
"1996","2458","1","307","168","493","SSW","0","0","0",NA
"1997","2458","1","303","232","531","SSW","0","1","1","0"
"1998","2458","1","303","232","531","SSW","0","0","0",NA
"1997","2460","1","291","235","597","SSW","0","0","0",NA
"1998","2460","1","291","235","597","SSW","0","0","0",NA
"1999","2460","1","291","235","597","SSW","0","1","1","0"
"1997","2461","2","301","182","592","SSW","0","0","0",NA
"1998","2461","2","301","182","592","SSW","0","3","2","0.0625"
"1999","2461","2","301","182","592","SSW","0","0","0",NA
"1997","2462","1","302","172","588","SSW","0","0","0",NA
"1998","2462","1","302","172","588","SSW","0","1","1","0.125"
"1999","2462","1","302","172","588","SSW","0","1","1","0.125"
"2000","2462","1","283","124","619","SSW","0","1","0",NA
"1996","2463","2","304","207","524","SSW","0","0","0",NA
"1997","2463","2","304","207","524","SSW","0","0","0",NA
"1998","2463","2","304","207","524","SSW","0","0","0",NA
"1999","2463","2","304","207","524","SSW","0","1","1","0.125"
"2000","2463","2","304","207","524","SSW","0","2","1","0.0625"
"2001","2463","2","304","207","524","SSW","0","0","0",NA
"1997","2465","2","302","172","588","SSW","0","0","0",NA
"1998","2465","2","302","172","588","SSW","0","0","0",NA
"1997","2478","2","301","182","592","SSW","0","0","0",NA
"1998","2478","2","283","124","619","SSW","0","0","0",NA
"1999","2478","2","283","124","619","SSW","0","1","1","0"
"2000","2478","2","282","163","611","SSW","0","1","1","0.03125"
"2001","2478","2","282","163","611","SSW","0","1","1","0.078125"
"1997","2479","2","307","168","493","SSW","0","0","0",NA
"1998","2479","2","307","168","493","SSW","0","0","0",NA
"1997","2483","2","305","186","516","SSW","0","0","0",NA
"1998","2483","2","305","186","516","SSW","0","0","0",NA
"1997","2484","1","301","182","592","SSW","0","0","0",NA
"1998","2484","1","301","182","592","SSW","0","1","1","0"
"1997","2487","2","283","124","619","SSW","0","0","0",NA
"1998","2487","2","283","124","619","SSW","0","0","0",NA
"1997","2495","2","281","223","560","SSW","0","0","0",NA
"1998","2495","2","281","223","560","SSW","0","3","3","0.0416666666666667"
"1999","2495","2","281","223","560","SSW","0","0","0",NA
"1998","2689","2","117","1087","870","R1E","0","0","0",NA
"1999","2689","2","118","1079","875","R1E","0","1","1","0"
"2000","2689","2","117","1087","870","R1E","0","4","2","0"
"1996","2701","1","63","935","890","R1E","0.080078125","0","0",NA
"1997","2701","1","61","940","903","R1E","0.080078125","10","5","0.107470703125"
"1998","2701","1","60","927","902","R1E","0.080078125","0","0",NA
"1996","2702","2","109","967","871","R1E","0.0234375","0","0",NA
"1997","2702","2","106","998","887","R1E","0.0234375","1","1","0.0595703125"
"1998","2702","2","106","998","887","R1E","0.0234375","2","2","0.12109375"
"1999","2702","2","106","998","887","R1E","0.0234375","2","2","0.264892578125"
"1995","2703","2","69","896","857","R1E","0.125","0","0",NA
"1996","2703","2","69","896","857","R1E","0.125","0","0",NA
"1997","2703","2","69","896","857","R1E","0.125","5","3","0.145670572916667"
"1996","2705","1","31","826","815","R1E","0.17529296875","0","0",NA
"1997","2705","1","31","826","815","R1E","0.17529296875","3","3","0.0944010416666667"
"1996","2706","2","275","776","861","R1E","0.08984375","0","0",NA
"1997","2706","2","275","776","861","R1E","0.08984375","1","1","0.104736328125"
"1996","2707","2","47","878","906","R1E","0.11376953125","0","0",NA
"1997","2707","2","47","878","906","R1E","0.11376953125","0","0",NA
"1996","2709","1","234","554","858","R1W","0.015625","0","0",NA
"1997","2709","1","234","554","858","R1W","0.015625","2","2","0.0341796875"
"1998","2709","1","234","554","858","R1W","0.015625","0","0",NA
"1996","2711","1","252","615","741","R1W","0","0","0",NA
"1997","2711","1","251","592","749","R1W","0","3","3","0.0227864583333333"
"1998","2711","1","251","592","749","R1W","0","0","0",NA
"1999","2711","1","258","617","775","R1W","0","3","3","0.10400390625"
"1996","2712","1","204","511","791","R1W","0.0625","0","0",NA
"1997","2712","1","204","511","791","R1W","0.0625","0","0",NA
"1996","2714","1","141","418","816","R1W","0","0","0",NA
"1997","2714","1","180","425","812","R1W","0","4","3","0.0286458333333333"
"1998","2714","1","180","425","812","R1W","0","0","0",NA
"1996","2717","2","145","404","789","R1W","0.03125","0","0",NA
"1997","2717","2","145","404","789","R1W","0.03125","3","2","0.12109375"
"1998","2717","2","145","404","789","R1W","0.03125","2","2","0.046875"
"1999","2717","2","145","404","789","R1W","0.03125","3","3","0.203776041666667"
"2000","2717","2","145","404","789","R1W","0.03125","2","2","0.01953125"
"1996","2721","2","105","1009","906","R1E","0.0234375","0","0",NA
"1997","2721","2","103","986","912","R1E","0.0234375","4","2","0.1669921875"
"1995","2724","1","291","235","597","SSW","0","0","0",NA
"1996","2724","1","291","235","597","SSW","0","2","1","0"
"1997","2724","1","305","186","516","SSW","0","2","1","0"
"1998","2724","1","305","186","516","SSW","0","0","0",NA
"1996","2725","1","33","888","1031","R1E","0.10546875","0","0",NA
"1997","2725","1","75","921","1043","R1E","0.10546875","2","2","0.17266845703125"
"1998","2725","1","75","921","1043","R1E","0.10546875","1","1","0.323333740234375"
"1996","2728","2","33","888","1031","R1E","0.108154296875","0","0",NA
"1997","2728","2","33","888","1031","R1E","0.108154296875","3","3","0.15911865234375"
"1998","2728","2","16","854","997","R1E","0.108154296875","1","1","0.11407470703125"
"1999","2728","2","16","854","997","R1E","0.108154296875","0","0",NA
"1996","2729","2","32","868","984","R1E","0.3125","0","0",NA
"1997","2729","2","32","868","984","R1E","0.3125","0","0",NA
"1996","2730","2","58","903","963","R1E","0.25","0","0",NA
"1997","2730","2","42","879","951","R1E","0.25","0","0",NA
"1998","2730","2","32","868","984","R1E","0.25","1","1","0"
"1999","2730","2","32","868","984","R1E","0.25","1","1","0.05078125"
"1996","2731","1","39","875","931","R1E","0.109375","0","0",NA
"1997","2731","1","39","875","931","R1E","0.109375","0","0",NA
"1996","2732","1","275","776","861","R1E","0.08984375","0","0",NA
"1997","2732","1","302","172","588","SSW","0.08984375","6","2","0"
"1996","2735","2","224","462","718","R1W","0","0","0",NA
"1997","2735","2","183","452","722","R1W","0","0","0",NA
"1996","2736","2","223","479","748","R1W","0","0","0",NA
"1997","2736","2","204","511","791","R1W","0","4","3","0.00520833333333333"
"1998","2736","2","204","511","791","R1W","0","2","1","0.25"
"1999","2736","2","204","511","791","R1W","0","3","3","0.0182291666666667"
"2000","2736","2","213","470","786","R1W","0","7","4","0.147705078125"
"2001","2736","2","213","470","786","R1W","0","0","0",NA
"1995","2737","1","307","168","493","SSW","0","0","0",NA
"1996","2737","1","307","168","493","SSW","0","0","0",NA
"1997","2737","1","307","168","493","SSW","0","2","1","0"
"1998","2737","1","307","168","493","SSW","0","2","2","0.03125"
"1999","2737","1","306","184","484","SSW","0","0","0",NA
"1996","2738","2","291","235","597","SSW","0","0","0",NA
"1997","2738","2","291","235","597","SSW","0","5","2","0"
"1996","2739","2","56","907","991","R1E","0.3125","0","0",NA
"1997","2739","2","32","868","984","R1E","0.3125","1","1","0.087890625"
"1996","2744","1","16","854","997","R1E","0.03125","0","0",NA
"1997","2744","1","32","868","984","R1E","0.03125","2","2","0.0849609375"
"1996","2748","1","105","1009","906","R1E","0.0234375","0","0",NA
"1997","2748","1","102","974","912","R1E","0.0234375","0","0",NA
"1998","2748","1","102","974","912","R1E","0.0234375","1","1","0.1826171875"
"1999","2748","1","102","974","912","R1E","0.0234375","5","5","0.09521484375"
"1996","2750","2","23","825","886","R1E","0.03125","0","0",NA
"1997","2750","2","30","833","826","R1E","0.03125","0","0",NA
"1998","2750","2","73","911","800","R1E","0.03125","2","2","0.083984375"
"1999","2750","2","73","911","800","R1E","0.03125","2","1","0"
"1996","2759","2","31","826","815","R1E","0.044921875","0","0",NA
"1997","2759","2","31","826","815","R1E","0.044921875","1","1","0"
"1996","2760","2","33","888","1031","R1E","0.3193359375","0","0",NA
"1997","2760","2","75","921","1043","R1E","0.3193359375","0","0",NA
"1996","2761","1","57","911","1012","R1E","0.357421875","0","0",NA
"1997","2761","1","76","912","1028","R1E","0.357421875","0","0",NA
"1996","2763","1","256","671","944","R1W","0.046875","0","0",NA
"1997","2763","1","256","671","944","R1W","0.046875","1","1","0.0234375"
"1998","2763","1","56","907","991","R1E","0.046875","0","0",NA
"1999","2763","1","56","907","991","R1E","0.046875","2","1","0.0029296875"
"2000","2763","1","32","868","984","R1E","0.046875","0","0",NA
"1996","2764","2","60","927","902","R1E","0.18359375","0","0",NA
"1997","2764","2","60","927","902","R1E","0.18359375","5","2","0.145263671875"
"1996","2765","2","57","911","1012","R1E","0.060546875","0","0",NA
"1997","2765","2","57","911","1012","R1E","0.060546875","0","0",NA
"1998","2765","2","57","911","1012","R1E","0.060546875","0","0",NA
"1999","2765","2","32","868","984","R1E","0.060546875","0","0",NA
"2000","2765","2","38","889","972","R1E","0.060546875","1","1","0.0816650390625"
"1996","2768","2","19","842","966","R1E","0.125","0","0",NA
"1997","2768","2","21","838","953","R1E","0.125","1","1","0.08203125"
"1998","2768","2","21","838","953","R1E","0.125","0","0",NA
"1999","2768","2","39","875","931","R1E","0.125","0","0",NA
"1996","2770","1","56","907","991","R1E","0.15625","0","0",NA
"1997","2770","1","58","903","963","R1E","0.15625","3","3","0.17041015625"
"1998","2770","1","58","903","963","R1E","0.15625","0","0",NA
"1996","2771","2","58","903","963","R1E","0.21875","0","0",NA
"1997","2771","2","58","903","963","R1E","0.21875","0","0",NA
"1996","2772","2","24","844","882","R1E","0.1015625","0","0",NA
"1997","2772","2","24","844","882","R1E","0.1015625","0","0",NA
"1996","2773","1","103","986","912","R1E","0.109375","0","0",NA
"1997","2773","1","226","467","692","R1W","0.109375","2","1","0"
"1996","2776","2","33","888","1031","R1E","0.3193359375","0","0",NA
"1997","2776","2","33","888","1031","R1E","0.3193359375","0","0",NA
"1996","2779","2","114","985","818","R1E","0.080078125","0","0",NA
"1997","2779","2","114","985","818","R1E","0.080078125","2","1","0.076904296875"
"1998","2779","2","114","985","818","R1E","0.080078125","0","0",NA
"1999","2779","2","114","985","818","R1E","0.080078125","0","0",NA
"1996","2780","2","49","873","887","R1E","0.037109375","0","0",NA
"1997","2780","2","49","873","887","R1E","0.037109375","4","4","0.0826873779296875"
"1998","2780","2","49","873","887","R1E","0.037109375","3","2","0.135009765625"
"1999","2780","2","48","853","886","R1E","0.037109375","0","0",NA
"2000","2780","2","48","853","886","R1E","0.037109375","0","0",NA
"1996","2801","1","197","276","180","R2","0","0","0",NA
"1997","2801","1","197","276","180","R2","0","0","0",NA
"1996","2802","1","163","268","118","R2","0","0","0",NA
"1997","2802","1","163","268","118","R2","0","0","0",NA
"1995","2804","2","175","267","27","R2","0","0","0",NA
"1996","2804","2","175","267","27","R2","0","0","0",NA
"1997","2804","2","175","267","27","R2","0","2","2","0"
"1998","2804","2","175","267","27","R2","0","1","1","0.0625"
"1995","2805","1","221","309","34","R2","0","0","0",NA
"1996","2805","1","221","309","34","R2","0","4","2","0.125"
"1997","2805","1","221","309","34","R2","0","3","2","0"
"1996","2806","1","221","309","34","R2","0","0","0",NA
"1997","2806","1","221","309","34","R2","0","1","1","0.25"
"1997","2807","2","8","118","284","R2","0","0","0",NA
"1998","2807","2","82","127","237","R2","0","0","0",NA
"1996","2812","1","167","230","94","R2","0","0","0",NA
"1997","2812","1","167","230","94","R2","0","1","1","0"
"1998","2812","1","134","223","118","R2","0","2","2","0.0625"
"1997","2813","2","150","222","25","R2","0","0","0",NA
"1998","2813","2","177","258","11","R2","0","0","0",NA
"1999","2813","2","177","258","11","R2","0","0","0",NA
"1997","2815","1","203","281","63","R2","0","0","0",NA
"1998","2815","1","203","281","63","R2","0","3","3","0.0677083333333333"
"1999","2815","1","203","281","63","R2","0","2","2","0.05078125"
"1997","2817","1","129","222","164","R2","0","0","0",NA
"1998","2817","1","129","222","164","R2","0","1","1","0"
"1996","2820","2","85","159","220","R2","0","0","0",NA
"1997","2820","2","85","159","220","R2","0","0","0",NA
"1998","2820","2","85","159","220","R2","0","0","0",NA
"1997","2822","1","221","309","34","R2","0","0","0",NA
"1998","2822","1","212","291","47","R2","0","1","1","0"
"1999","2822","1","214","288","25","R2","0","0","0",NA
"1997","2823","2","133","215","134","R2","0.25","0","0",NA
"1998","2823","2","132","201","126","R2","0.25","0","0",NA
"1999","2823","2","132","201","126","R2","0.25","2","1","0"
"1996","2824","2","89","155","161","R2","0","0","0",NA
"1997","2824","2","89","155","161","R2","0","1","1","0"
"1996","2825","1","163","268","118","R2","0","0","0",NA
"1997","2825","1","163","268","118","R2","0","3","3","0"
"1998","2825","1","163","268","118","R2","0","0","0",NA
"1996","2826","1","87","163","205","R2","0","0","0",NA
"1997","2826","1","87","163","205","R2","0","0","0",NA
"1996","2827","2","88","173","144","R2","0","0","0",NA
"1997","2827","2","88","173","144","R2","0","0","0",NA
"1996","2828","1","94","129","58","R2","0","0","0",NA
"1997","2828","1","94","129","58","R2","0","1","1","0.125"
"1996","2829","2","97","153","33","R2","0","0","0",NA
"1997","2829","2","97","153","33","R2","0","0","0",NA
"1996","2830","1","146","192","41","R2","0","0","0",NA
"1997","2830","1","146","192","41","R2","0","3","3","0.0416666666666667"
"1995","2831","2","150","222","25","R2","0","0","0",NA
"1996","2831","2","150","222","25","R2","0","0","0",NA
"1997","2831","2","150","222","25","R2","0","0","0",NA
"1996","2859","1","278","340","91","R2","0","0","0",NA
"1997","2859","1","278","340","91","R2","0","0","0",NA
"1998","2859","1","278","340","91","R2","0","0","0",NA
"1997","2861","1","191","286","232","R2","0","0","0",NA
"1998","2861","1","193","304","215","R2","0","0","0",NA
"1999","2861","1","194","319","224","R2","0","1","1","0.0078125"
"1997","2863","2","3","112","351","R2","0.25","0","0",NA
"1998","2863","2","3","112","351","R2","0.25","0","0",NA
"1997","2864","2","198","290","162","R2","0.0625","0","0",NA
"1998","2864","2","198","290","162","R2","0.0625","0","0",NA
"1997","2865","2","2","58","407","R2","0","0","0",NA
"1998","2865","2","2","58","407","R2","0","0","0",NA
"1999","2865","2","2","58","407","R2","0","0","0",NA
"1997","2869","1","130","185","186","R2","0","0","0",NA
"1998","2869","1","191","286","232","R2","0","0","0",NA
"1996","2871","1","1","54","374","R2","0","0","0",NA
"1997","2871","1","1","54","374","R2","0","1","1","0.0625"
"1998","2871","1","1","54","374","R2","0","0","0",NA
"1996","2872","2","243","385","269","R2","0","0","0",NA
"1997","2872","2","243","385","269","R2","0","0","0",NA
"1998","2872","2","233","370","263","R2","0","1","1","0.03125"
"1996","2874","2","5","92","328","R2","0","0","0",NA
"1997","2874","2","5","92","328","R2","0","0","0",NA
"1998","2874","2","5","92","328","R2","0","0","0",NA
"1997","2878","2","159","234","186","R2","0","0","0",NA
"1998","2878","2","159","234","186","R2","0","0","0",NA
"1997","2879","1","163","268","118","R2","0","0","0",NA
"1998","2879","1","163","268","118","R2","0","0","0",NA
"1997","2881","1","197","276","180","R2","0","0","0",NA
"1998","2881","1","159","234","186","R2","0","1","1","0.03125"
"1999","2881","1","159","234","186","R2","0","1","1","0"
"1997","2882","2","163","268","118","R2","0","0","0",NA
"1998","2882","2","168","264","94","R2","0","0","0",NA
"1997","2883","1","91","143","87","R2","0","0","0",NA
"1998","2883","1","91","143","87","R2","0","0","0",NA
"1997","2887","1","220","324","21","R2","0","0","0",NA
"1998","2887","1","220","324","21","R2","0","0","0",NA
"1997","2888","2","203","281","63","R2","0","0","0",NA
"1998","2888","2","203","281","63","R2","0","1","1","0.078125"
"1997","2889","1","158","266","211","R2","0","0","0",NA
"1998","2889","1","158","266","211","R2","0","0","0",NA
"1997","2890","1","192","324","240","R2","0","0","0",NA
"1998","2890","1","192","324","240","R2","0","0","0",NA
"1997","2892","2","150","222","25","R2","0","0","0",NA
"1998","2892","2","150","222","25","R2","0","0","0",NA
"1996","2893","2","196","293","196","R2","0","0","0",NA
"1997","2893","2","196","293","196","R2","0","1","1","0"
"1998","2893","2","196","293","196","R2","0","1","0",NA
"1997","2897","2","162","230","148","R2","0","0","0",NA
"1998","2897","2","162","230","148","R2","0","1","1","0.125"
"1999","2897","2","134","223","118","R2","0","1","1","0"
"2000","2897","2","134","223","118","R2","0","0","0",NA
"2001","2897","2","134","223","118","R2","0","1","1","0"
"1997","2899","2","219","313","8","R2","0","0","0",NA
"1998","2899","2","219","313","8","R2","0","0","0",NA
"1999","2899","2","219","313","8","R2","0","0","0",NA
"1996","2901","2","226","467","692","R1W","0","0","0",NA
"1997","2901","2","226","467","692","R1W","0","0","0",NA
"1996","2902","2","149","394","780","R1W","0.375","0","0",NA
"1997","2902","2","149","394","780","R1W","0.375","0","0",NA
"1996","2903","1","206","492","851","R1W","0.28125","0","0",NA
"1997","2903","1","223","479","748","R1W","0.28125","1","1","0.08203125"
"1998","2903","1","223","479","748","R1W","0.28125","1","1","0"
"1999","2903","1","223","479","748","R1W","0.28125","4","4","0.0771484375"
"2000","2903","1","213","470","786","R1W","0.28125","0","0",NA
"1996","2904","2","210","491","776","R1W","0.03515625","0","0",NA
"1997","2904","2","204","511","791","R1W","0.03515625","0","0",NA
"1996","2905","1","154","386","755","R1W","0","0","0",NA
"1997","2905","1","19","842","966","R1E","0","1","1","0"
"1998","2905","1","19","842","966","R1E","0","1","1","0"
"1997","2914","1","16","854","997","R1E","0.087890625","0","0",NA
"1998","2914","1","184","463","742","R1W","0.087890625","0","0",NA
