row,id,offspring,sex,status,terr,lat,long,disp,Lddisp,year
0,238,0,Male,S,34HJ2,-836,-419,NA,NA,1990
0,238,0,Male,S,23FG3,-832,-325,NA,NA,1991
0,238,0,Male,S,34GH5,-815,-340,NA,NA,1992
0,238,0,Male,P,12GH1,-887,-317,NA,NA,1993
0,245,0,Male,S,1314CD4,-241,-235,NA,NA,1990
0,500,1,Male,NA,45GH2R2,-962,-1116,NA,NA,2007
0,501,1,Male,NA,12CD5R2,-1091,-921,NA,NA,2007
0,502,1,Female,NA,01BC3R2,-1133,-870,NA,NA,2007
0,503,1,Female,NA,23CD4R2,-1050,-924,NA,NA,2007
0,504,1,Female,NA,-10OA2R2,-1192,-734,NA,NA,2007
0,505,1,Male,NA,SS22,-965,-560,NA,NA,2007
0,506,1,Male,NA,45DE2R2,-974,-961,N,N,2007
0,507,1,Male,NA,23EF4R2,-1050,-1025,NA,NA,2007
0,508,1,Male,NA,01AB1R2,-1138,-790,NA,NA,2007
0,509,1,Male,NA,01AB1R2,-1138,-790,N,N,2007
0,510,1,Male,NA,23DE1R2,-1028,-977,NA,NA,2007
0,511,1,Female,NA,45DE3R2,-960,-979,NA,NA,2007
0,512,1,Female,NA,45CD3R2,-946,-926,N,N,2007
0,518,1,Female,NA,34FG3R2,-985,-1088,NA,NA,2007
0,519,1,Female,NA,23GH3R2,-1028,-1116,N,N,2007
0,520,1,Male,NA,45GH10R2,-942,-1100,NA,NA,2007
0,521,1,Female,NA,12GH1R2,-1097,-1108,NA,NA,2007
0,522,1,Female,NA,56FG4,-685,-300,NA,NA,2007
0,523,1,Male,NA,45GH4R2,-945,-1141,NA,NA,2006
0,523,0,Male,S,45GH4R2,-945,-1141,NA,NA,2007
0,524,1,Male,NA,67FG1,-664,-304,NA,NA,2007
0,525,1,Female,NA,34GH1R2,-1014,-1093,NA,NA,2007
0,526,1,Female,NA,23EF2R2,-1035,-1007,NA,NA,2007
0,527,1,Female,NA,23EF4R2,-1050,-1025,NA,NA,2007
0,528,1,Male,NA,45FG3,-739,-350,NA,NA,2007
0,529,1,Female,NA,12CD4R2,-1115,-932,NA,NA,2007
0,530,1,Female,NA,12CD3R2,-1114,-914,NA,NA,2007
0,531,1,Male,NA,SS2,-1015,-544,NA,NA,2007
0,532,1,Male,NA,23GH1,-846,-352,NA,NA,2007
0,533,1,Female,NA,12GH2,-881,-326,NA,NA,2007
0,534,1,Female,NA,23JK1,-855,-445,NA,NA,2007
0,536,1,Female,NA,34GH2R2,-983,-1114,NA,NA,2006
0,536,0,Female,S,34GH2R2,-983,-1114,NA,NA,2007
0,537,1,Female,NA,56FG1,-723,-315,NA,NA,2007
0,538,1,Female,NA,45GH1R2,-959,-1094,NA,NA,2007
0,539,1,Male,NA,56FG3,-707,-332,NA,NA,2007
0,540,1,Female,NA,23FG1R2,-1052,-1054,N,N,2007
0,541,1,Male,NA,45FG3R2,-940,-1065,NA,NA,2007
0,542,1,Female,NA,34GH2,-809,-367,NA,NA,2007
0,543,1,Female,NA,01AB1R2,-1138,-790,NA,NA,2006
0,543,0,Female,S,01AB1R2,-1138,-790,NA,NA,2007
0,544,1,Female,NA,34GH5,-815,-340,NA,NA,2007
0,545,1,Female,NA,23FG1,-848,-297,NA,NA,2006
0,545,0,Female,S,23FG1,-848,-297,NA,NA,2007
0,546,1,Female,NA,45FG2,-741,-329,NA,NA,2007
0,547,1,Male,NA,56EF1,-696,-283,NA,NA,2007
0,548,1,Male,NA,67EF2,-667,-281,NA,NA,2007
0,549,1,Female,NA,34GH3,-795,-375,NA,NA,2007
0,550,1,Female,NA,34HJ1,-846,-408,NA,NA,2007
0,551,1,Male,NA,56EF1,-696,-283,NA,NA,2006
0,551,0,Male,S,56EF1,-696,-283,NA,NA,2007
0,552,1,Female,NA,34HJ6,-820,-390,NA,NA,2007
0,553,1,Female,NA,45KL1,-775,-475,NA,NA,2007
0,554,1,Female,NA,56FG2,-682,-328,NA,NA,2007
0,555,1,Female,NA,34GH5,-815,-340,NA,NA,2007
0,556,1,Female,NA,34HJ6,-820,-390,NA,NA,2007
0,557,1,Male,NA,67EF3,-630,-295,NA,NA,2007
0,558,1,Female,NA,34HJ3,-798,-419,NA,NA,2007
0,560,1,Female,NA,45JK2,-783,-449,NA,NA,2007
0,561,1,Male,NA,56FG5,-680,-320,NA,NA,2007
0,562,1,Female,NA,34GH4,-824,-354,NA,NA,2006
0,562,0,Female,S,34GH4,-824,-354,NA,NA,2007
0,563,1,Male,NA,SS11,-1087,-530,NA,NA,2007
0,564,1,Male,NA,45FG6,-770,-330,NA,NA,2007
0,565,1,Male,NA,01FG1,-946,-348,NA,NA,2007
0,566,1,Female,NA,SS15,-1120,-645,NA,NA,2007
0,567,1,Male,NA,SS2,-1015,-544,NA,NA,2007
0,569,1,Female,NA,23GH1,-846,-352,NA,NA,2006
0,569,0,Female,S,23GH1,-846,-352,NA,NA,2007
0,570,1,Female,NA,SS18,-960,-500,NA,NA,2007
0,571,1,Female,NA,01FG2,-915,-315,NA,NA,2007
0,572,1,Male,NA,SS15,-1120,-645,NA,NA,2006
0,572,0,Male,S,SS15,-1120,-645,NA,NA,2007
0,573,1,Male,NA,45FG5,-775,-335,NA,NA,2007
0,574,1,Female,NA,1112CD8,-380,-187,NA,NA,2007
0,575,1,Male,NA,SS8,-1066,-657,NA,NA,2007
0,576,1,Male,NA,01FG2,-915,-315,NA,NA,2006
0,576,0,Male,S,01FG2,-915,-315,NA,NA,2007
0,577,1,Female,NA,1112CD8,-380,-187,NA,NA,2007
0,578,1,Male,NA,SS16,-1142,-645,NA,NA,2007
0,579,1,Female,NA,45GH1,-759,-365,NA,NA,2007
0,580,1,Female,NA,SS14,-1050,-570,NA,NA,2007
0,581,1,Male,NA,34GH4,-824,-354,NA,NA,2007
0,582,1,Male,NA,78CD2,-575,-205,NA,NA,2007
0,583,1,Male,NA,SS21,-1055,-560,NA,NA,2007
0,584,1,Female,NA,23GH2,-863,-350,NA,NA,2007
0,585,1,Male,NA,23GH1,-846,-352,NA,NA,2007
0,586,1,Female,NA,01FG1,-946,-348,NA,NA,2007
0,587,1,Male,NA,56GH2,-690,-355,NA,NA,2007
0,588,1,Female,NA,67GH6,-665,-370,NA,NA,2007
0,589,1,Male,NA,45GH3,-724,-377,NA,NA,2006
0,589,0,Male,S,45GH3,-724,-377,NA,NA,2007
0,590,1,Female,NA,45HJ1,-771,-393,NA,NA,2007
0,591,1,Male,NA,34HJ3,-798,-419,NA,NA,2007
0,592,1,Female,NA,45JK2,-783,-449,NA,NA,2006
0,592,0,Female,S,45JK2,-783,-449,NA,NA,2007
0,593,1,Female,NA,45HJ2,-788,-423,NA,NA,2007
0,594,1,Male,NA,45JK3,-757,-445,NA,NA,2007
0,595,1,Male,NA,45JK4,-740,-440,NA,NA,2007
0,596,1,Male,NA,67GH2,-658,-392,NA,NA,2007
0,597,1,Female,NA,67GH3,-635,-400,NA,NA,2007
0,598,1,Male,NA,78GH2,-622,-386,NA,NA,2007
0,599,1,Male,NA,67GH5,-635,-345,NA,NA,2006
0,599,0,Male,S,67GH5,-635,-345,NA,NA,2007
0,600,1,Female,NA,67GH1,-675,-349,NA,NA,2007
0,601,1,Male,NA,1011BC2,-400,-170,NA,NA,2007
0,602,1,Male,NA,1213BC2,-331,-155,N,N,2007
0,604,1,Male,NA,1011AB2,-386,-115,NA,NA,2007
0,607,1,Male,NA,1011CD1,-412,-188,N,N,2007
0,610,1,Male,NA,1112AB4,-355,-115,NA,NA,2007
0,611,1,Male,NA,45JK2,-783,-449,NA,NA,2007
0,612,1,Female,NA,45FG4,-758,-290,NA,NA,2007
0,613,1,Female,NA,45GH4,-780,-350,NA,NA,2007
0,614,1,Male,NA,78GH1,-633,-366,NA,NA,2007
0,615,1,Male,NA,23FG2,-835,-299,NA,NA,2007
0,616,1,Female,NA,67EF1,-658,-285,NA,NA,2007
0,617,1,Male,NA,1112AB6,-352,-150,NA,NA,2007
0,618,1,Male,NA,45FG2,-741,-329,NA,NA,2007
0,619,1,Male,NA,45FG2,-741,-329,NA,NA,2007
0,620,1,Male,NA,67GH1,-675,-349,NA,NA,2007
0,621,1,Female,NA,23FG2,-835,-299,NA,NA,2006
0,621,0,Female,S,23FG2,-835,-299,NA,NA,2007
0,622,1,Female,NA,45HJ1,-771,-393,NA,NA,2007
0,623,1,Male,NA,56FG1,-723,-315,NA,NA,2007
0,624,1,Female,NA,1011AB1,-396,-144,N,N,2007
0,625,1,Female,NA,34HJ3,-798,-419,NA,NA,2007
0,626,1,Female,NA,34HJ2,-836,-419,NA,NA,2007
0,627,1,Male,NA,12GH2,-881,-326,NA,NA,2007
0,628,1,Female,NA,12FG1,-899,-310,NA,NA,2006
0,628,0,Female,S,12FG1,-899,-310,NA,NA,2007
0,629,1,Male,NA,45FG4,-758,-290,NA,NA,2007
0,630,1,Female,NA,1011CD1,-412,-188,NA,NA,2007
0,631,1,Male,NA,56FG2,-682,-328,NA,NA,2007
0,633,1,Female,NA,45HJ1,-771,-393,NA,NA,2007
0,634,1,Male,NA,56HJ1,-710,-415,NA,NA,2006
0,634,0,Male,S,56HJ1,-710,-415,NA,NA,2007
0,635,1,Female,NA,01FG1,-946,-348,NA,NA,2007
0,636,1,Male,NA,34KL1,-810,-460,NA,NA,2007
0,637,1,Female,NA,34JK1,-830,-435,NA,NA,2007
0,638,1,Female,NA,45FG4,-758,-290,NA,NA,2007
0,639,1,Male,NA,23FG1,-848,-297,NA,NA,2007
0,640,1,Female,NA,1112CD6,-340,-193,NA,NA,2007
0,641,1,Male,NA,01FG1,-946,-348,NA,NA,2007
0,642,1,Male,NA,23GH2,-863,-350,NA,NA,2007
0,643,1,Female,NA,45FG2,-741,-329,NA,NA,2007
0,644,1,Male,NA,1011DE7,-410,-230,NA,NA,2007
0,645,1,Female,NA,SS24,-925,-520,NA,NA,2007
0,646,1,Male,NA,01GH3,-960,-420,NA,NA,2007
0,647,1,Male,NA,89EF1,-525,-310,NA,NA,2007
0,648,1,Male,NA,SS11,-1087,-530,NA,NA,2007
0,649,1,Male,NA,SS18,-960,-500,NA,NA,2007
0,650,1,Female,NA,1011CD1,-412,-188,NA,NA,2007
0,651,1,Female,NA,34GH5,-815,-340,NA,NA,2007
0,652,1,Female,NA,12HJ3,-885,-372,NA,NA,2007
0,653,1,Female,NA,SS28,-1120,-660,NA,NA,2007
0,654,1,Female,NA,01FG1,-946,-348,NA,NA,2007
0,655,1,Female,NA,23GH4,-851,-366,NA,NA,2007
0,656,1,Male,NA,SS29,-990,-460,NA,NA,2007
0,657,1,Female,NA,1213OA3,-351,-94,NA,NA,2007
0,658,1,Male,NA,1011AB3,-410,-145,N,N,2007
0,659,1,Male,NA,1213BC1,-347,-178,NA,NA,2006
0,659,0,Male,S,1213BC1,-347,-178,NA,NA,2007
0,660,1,Female,NA,1112AB2,-362,-110,Y,N,2007
0,661,1,Male,NA,1112CD7,-394,-181,Y,N,2007
0,662,1,Male,NA,1112CD5,-350,-193,NA,NA,2007
0,663,1,Female,NA,1112AB3,-370,-120,NA,NA,2007
0,664,1,Male,NA,1213OA5,-325,-80,NA,NA,2007
0,665,1,Male,NA,1112CD2,-362,-201,N,N,2007
0,666,1,Male,NA,1112AB6,-352,-150,NA,NA,2007
0,667,1,Female,NA,1011DE4,-420,-228,NA,NA,2006
0,667,0,Female,S,1011DE4,-420,-228,NA,NA,2007
0,668,1,Male,NA,89CD1,-530,-205,NA,NA,2007
0,669,1,Male,NA,1213BC2,-331,-155,NA,NA,2007
0,670,1,Female,NA,1112CD8,-380,-187,NA,NA,2007
0,671,1,Male,NA,1112BC1,-361,-169,NA,NA,2007
0,672,1,Female,NA,1011DE6,-452,-260,NA,NA,2007
0,673,1,Female,NA,1011DE7,-410,-230,N,N,2007
0,674,1,Male,NA,1011DE7,-410,-230,NA,NA,2007
0,675,1,Male,NA,1112BC1,-361,-169,NA,NA,2007
0,676,1,Male,NA,67DE2,-637,-214,NA,NA,2006
0,676,0,Male,S,67DE2,-637,-214,NA,NA,2007
0,677,1,Female,NA,89FG2,-552,-346,NA,NA,2007
0,678,1,Male,NA,78CD1,-579,-197,NA,NA,2007
0,679,1,Female,NA,910EF2,-486,-312,NA,NA,2007
0,680,1,Female,NA,910EF1,-474,-280,NA,NA,2007
0,681,1,Male,NA,1112AB5,-375,-150,NA,NA,2007
0,682,1,Female,NA,910DE1,-515,-260,NA,NA,2007
0,683,1,Male,NA,89FG1,-550,-354,NA,NA,2006
0,683,0,Male,S,89FG1,-550,-354,NA,NA,2007
0,684,1,Female,NA,89EF2,-548,-295,NA,NA,2007
0,685,1,Female,NA,910CD1,-503,-221,NA,NA,2007
0,686,1,Male,NA,910DE2,-510,-262,NA,NA,2007
0,687,1,Male,NA,1112AB2,-362,-110,NA,NA,2007
0,688,1,Male,NA,1213AB1,-343,-150,Y,N,2007
0,689,1,Male,NA,1213OA5,-325,-80,Y,N,2007
0,690,1,Male,NA,910DE1,-515,-260,NA,NA,2007
0,691,1,Female,NA,89GH3,-541,-375,NA,NA,2007
0,692,1,Male,NA,1112CD1,-375,-210,NA,NA,2007
0,693,1,Female,NA,89FG2,-552,-346,NA,NA,2007
0,694,1,Male,NA,89GH2,-544,-380,NA,NA,2007
0,695,1,Male,NA,67DE1,-619,-214,NA,NA,2007
0,696,1,Female,NA,1112CD1,-375,-210,NA,NA,2007
0,697,1,Male,NA,910DE5,-480,-255,NA,NA,2007
0,698,1,Male,NA,67DE1,-619,-214,NA,NA,2007
0,699,1,Female,NA,67DE1,-619,-214,NA,NA,2007
0,700,1,Female,NA,910DE4,-480,-235,NA,NA,2007
0,701,1,Female,NA,1213OA6,-320,-70,NA,NA,2007
0,702,1,Female,NA,1112AB2,-362,-110,NA,NA,2007
0,704,1,Male,NA,910DE4,-480,-235,NA,NA,2007
0,705,1,Male,NA,910CD1,-503,-221,NA,NA,2007
0,706,1,Male,NA,910CD1,-503,-221,NA,NA,2007
0,707,1,Female,NA,89FG2,-552,-346,NA,NA,2007
0,708,1,Female,NA,1011EF3,-424,-326,NA,NA,2007
0,709,1,Female,NA,1011DE5,-442,-272,NA,NA,2007
0,710,1,Male,NA,1112DE2,-397,-255,NA,NA,2007
0,711,1,Female,NA,1112DE5,-399,-275,NA,NA,2007
0,712,1,Female,NA,1112DE3,-377,-254,NA,NA,2007
0,713,1,Female,NA,1112DE4,-362,-259,NA,NA,2007
0,714,1,Female,NA,1112DE1,-372,-235,NA,NA,2007
0,715,1,Male,NA,1213DE2,-338,-263,NA,NA,2007
0,716,1,Male,NA,1112EF1,-371,-319,NA,NA,2007
0,717,1,Male,NA,1112EF2,-366,-330,NA,NA,2007
0,718,1,Female,NA,1213FG1,-339,-341,NA,NA,2007
0,719,1,Female,NA,1213FG2,-330,-310,NA,NA,2007
0,720,1,Female,NA,1213DE6,-300,-276,NA,NA,2007
0,721,1,Male,NA,1213DE5,-315,-265,NA,NA,2007
0,722,1,Male,NA,1213DE7,-322,-273,NA,NA,2007
0,723,1,Male,NA,1213CD2,-310,-238,NA,NA,2007
0,724,1,Male,NA,1213CD3,-286,-228,NA,NA,2007
0,725,1,Male,NA,1314CD1,-276,-229,NA,NA,2007
0,726,1,Female,NA,1314CD6,-270,-235,NA,NA,2007
0,727,1,Female,NA,1314CD4,-241,-235,NA,NA,2006
0,727,0,Female,S,1314CD4,-241,-235,NA,NA,2007
0,728,1,Female,NA,1415DE1,-227,-296,NA,NA,2007
0,729,1,Male,NA,1415CD1,-212,-285,NA,NA,2007
0,730,1,Female,NA,1516BC1,-163,-271,NA,NA,2007
0,731,1,Male,NA,1415BC1,-195,-250,NA,NA,2007
0,799,1,Female,NA,23FG1,-848,-297,NA,NA,1990
0,845,1,Male,NA,45FG3R2,-940,-1065,XXX,?,2007
0,902,0,Male,S,67EF1,-658,-285,NA,NA,1990
0,902,0,Male,P,67FG1,-664,-304,NA,NA,1991
0,903,1,Female,NA,23FG1,-848,-297,NA,NA,1990
0,904,0,Female,S,1011DE2,-425,-255,NA,NA,1990
0,904,0,Female,S,1011DE2,-425,-255,NA,NA,1991
0,905,0,Male,S,78CD1,-579,-197,NA,NA,1990
0,906,0,Male,S,1213DE3,-307,-281,NA,NA,1990
0,906,0,Male,S,1314DE1,-282,-260,NA,NA,1991
0,906,0,Male,S,1314DE1,-282,-260,NA,NA,1992
0,906,0,Male,S,1314DE1,-282,-260,NA,NA,1993
0,907,0,Male,S,1213DE1,-346,-256,NA,NA,1990
0,907,0,Male,S,1213FG1,-339,-341,NA,NA,1991
0,908,0,Female,S,1112DE3,-377,-254,NA,NA,1990
0,908,0,Female,P,1112DE3,-377,-254,NA,NA,1991
0,909,1,Female,NA,1112DE3,-377,-254,NA,NA,1990
0,910,0,Female,S,1213CD1,-323,-239,NA,NA,1990
0,911,0,Female,S,1213FG1,-339,-341,NA,NA,1990
0,912,0,Female,S,1112DE4,-362,-259,NA,NA,1990
0,912,0,Female,S,1213CD1,-323,-239,NA,NA,1991
0,912,0,Female,S,1213CD1,-323,-239,NA,NA,1992
0,912,0,Female,S,1314CD1,-276,-229,NA,NA,1993
0,912,0,Female,P,1314CD2,-264,-229,NA,NA,1994
0,916,1,Female,NA,67EF2,-667,-281,Y,N,1990
0,916,0,Female,S,67EF1,-658,-285,NA,NA,1991
0,918,0,Male,S,34GH1,-811,-354,NA,NA,1990
0,919,1,Female,NA,23FG1,-848,-297,NA,NA,1990
0,919,0,Female,P,1314CD5,-252,-254,NA,NA,1991
0,920,0,Female,S,23GH1,-846,-352,NA,NA,1990
0,920,0,Female,S,23GH1,-846,-352,NA,NA,1991
0,920,0,Female,S,23GH3,-856,-361,NA,NA,1992
0,920,0,Female,S,23GH3,-856,-361,NA,NA,1993
0,921,0,Female,S,56EF1,-696,-283,NA,NA,1990
0,921,0,Female,S,56EF1,-696,-283,NA,NA,1991
0,921,0,Female,S,45FG2,-741,-329,NA,NA,1992
0,922,0,Female,S,1112EF1,-371,-319,NA,NA,1990
0,923,0,Male,S,1314CD5,-252,-254,NA,NA,1990
0,923,0,Male,S,1314CD5,-252,-254,NA,NA,1991
0,923,0,Male,S,1314CD2,-264,-229,NA,NA,1992
0,923,0,Male,P,1314CD2,-264,-229,NA,NA,1993
0,924,0,Female,S,23HJ1,-873,-383,NA,NA,1990
0,924,0,Female,S,23HJ1,-873,-383,NA,NA,1991
0,925,1,Female,NA,45JK2,-783,-449,NA,NA,1990
0,925,0,Female,P,45JK2,-783,-449,NA,NA,1991
0,981,1,Female,NA,1213CD1,-323,-239,NA,NA,1990
0,1059,1,Female,NA,SS2,-1015,-544,NA,NA,1993
0,1062,1,Female,NA,SS1,-964,-540,NA,NA,1992
0,1062,0,Female,S,SS1,-964,-540,NA,NA,1993
0,1062,0,Female,S,1112DE4,-362,-259,NA,NA,1994
0,1088,0,Female,P,12CD1R2,-1128,-884,NA,NA,1995
0,1151,0,Female,P,12CD4R2,-1115,-932,NA,NA,1995
0,1175,0,Male,S,45GH4R2,-945,-1141,NA,NA,1995
0,1175,0,Male,P,45GH4R2,-945,-1141,NA,NA,1996
0,1230,1,Female,NA,1112DE3,-377,-254,NA,NA,1992
0,1231,1,Female,NA,1011DE3,-406,-259,N,N,1992
0,1231,0,Female,S,1011DE3,-406,-259,NA,NA,1993
0,1231,0,Female,S,1011DE3,-406,-259,NA,NA,1994
0,1231,0,Female,S,1011DE3,-406,-259,NA,NA,1995
0,1231,0,Female,S,1011DE3,-406,-259,NA,NA,1996
0,1231,0,Female,S,1011DE3,-406,-259,NA,NA,1997
0,1232,1,Female,NA,1112EF2,-366,-330,NA,NA,1991
0,1232,0,Female,S,1112EF2,-366,-330,NA,NA,1992
0,1232,0,Female,P,1112EF2,-366,-330,NA,NA,1993
0,1233,1,Female,NA,1314DE2,-283,-270,NA,NA,1992
0,1234,1,Female,NA,1314DE2,-283,-270,NA,NA,1992
0,1235,1,Female,NA,1112CD1,-375,-210,Y,N,1992
0,1235,0,Female,S,1011DE1,-438,-243,NA,NA,1993
0,1235,0,Female,P,1011DE1,-438,-243,NA,NA,1994
0,1236,1,Male,NA,1112CD3,-362,-211,NA,NA,1991
0,1236,0,Male,S,1112CD3,-362,-211,NA,NA,1992
0,1236,0,Male,S,1112CD3,-362,-211,NA,NA,1993
0,1236,0,Male,P,1112CD3,-362,-211,NA,NA,1994
0,1238,1,Male,NA,1112DE3,-377,-254,NA,NA,1992
0,1238,0,Male,P,23FG2,-835,-299,NA,NA,1993
0,1239,1,Female,NA,1112CD2,-362,-201,NA,NA,1992
0,1239,0,Female,P,1112CD1,-375,-210,NA,NA,1993
0,1240,1,Female,NA,67GH1,-675,-349,N,N,1992
0,1240,0,Female,S,67GH1,-675,-349,NA,NA,1993
0,1240,0,Female,P,67GH2,-658,-392,NA,NA,1994
0,1241,1,Female,NA,45HJ1,-771,-393,NA,NA,1992
0,1242,1,Male,NA,67EF1,-658,-285,NA,NA,1991
0,1242,0,Male,S,67EF1,-658,-285,NA,NA,1992
0,1242,0,Male,S,67EF1,-658,-285,NA,NA,1993
0,1242,0,Male,S,67FG1,-664,-304,NA,NA,1994
0,1242,0,Male,P,56EF1,-696,-283,NA,NA,1995
0,1243,1,Male,NA,67GH1,-675,-349,Y,N,1992
0,1243,0,Male,S,45GH1,-759,-365,NA,NA,1993
0,1243,0,Male,P,45GH1,-759,-365,NA,NA,1994
0,1244,1,Male,NA,67FG1,-664,-304,NA,NA,1991
0,1244,0,Male,S,67FG1,-664,-304,NA,NA,1992
0,1244,0,Male,S,67FG1,-664,-304,NA,NA,1993
0,1244,0,Male,P,56FG2,-682,-328,NA,NA,1994
0,1245,1,Male,NA,23FG3,-832,-325,NA,NA,1991
0,1245,0,Male,S,23FG3,-832,-325,NA,NA,1992
0,1245,0,Male,S,34GH4,-824,-354,NA,NA,1993
0,1245,0,Male,S,34GH4,-824,-354,NA,NA,1994
0,1245,0,Male,S,34GH4,-824,-354,NA,NA,1995
0,1245,0,Male,P,34GH4,-824,-354,NA,NA,1996
0,1246,1,Male,NA,23GH4,-851,-366,NA,NA,1992
0,1247,1,Female,NA,34GH2,-809,-367,Y,N,1992
0,1247,0,Female,S,34GH3,-795,-375,NA,NA,1993
0,1247,0,Female,S,34GH3,-795,-375,NA,NA,1994
0,1247,0,Female,P,34GH3,-795,-375,NA,NA,1995
0,1248,1,Female,NA,1011AB1,-396,-144,NA,NA,1991
0,1248,0,Female,S,1011AB1,-396,-144,NA,NA,1992
0,1249,1,Male,NA,1213DE3,-307,-281,NA,NA,1992
0,1250,1,Female,NA,1213FG1,-339,-341,Y,N,1992
0,1250,0,Female,S,1112EF2,-366,-330,NA,NA,1993
0,1250,0,Female,S,1112EF2,-366,-330,NA,NA,1994
0,1250,0,Female,P,1112EF2,-366,-330,NA,NA,1995
0,1258,0,Male,P,12CD5R2,-1091,-921,NA,NA,1995
0,1261,0,Female,S,12FG2R2,-1095,-1051,NA,NA,1995
0,1261,0,Female,P,12FG2R2,-1095,-1051,NA,NA,1996
0,1262,0,Male,S,12FG3R2,-1074,-1053,NA,NA,1995
0,1262,0,Male,P,12FG3R2,-1074,-1053,NA,NA,1996
0,1267,0,Male,S,01BC1R2,-1144,-835,NA,NA,1995
0,1267,0,Male,P,01BC1R2,-1144,-835,NA,NA,1996
0,1276,1,Male,NA,23GH3,-856,-361,NA,NA,1992
0,1278,1,Male,NA,34GH4,-824,-354,Y,N,1992
0,1278,0,Male,S,34GH2,-809,-367,NA,NA,1993
0,1278,0,Male,S,23FG2,-835,-299,NA,NA,1994
0,1280,1,Male,NA,45FG3,-739,-350,NA,NA,1991
0,1280,0,Male,S,45FG3,-739,-350,NA,NA,1992
0,1280,0,Male,S,45FG3,-739,-350,NA,NA,1993
0,1280,0,Male,S,45FG2,-741,-329,NA,NA,1994
0,1282,1,Male,NA,56EF1,-696,-283,N,N,1992
0,1282,0,Male,S,56EF1,-696,-283,NA,NA,1993
0,1282,0,Male,S,56EF1,-696,-283,NA,NA,1994
0,1285,1,Male,NA,67GH2,-658,-392,NA,NA,1991
0,1285,0,Male,S,67GH2,-658,-392,NA,NA,1992
0,1354,1,Female,NA,34GH3,-795,-375,NA,NA,1992
0,1354,0,Female,P,34GH3,-795,-375,NA,NA,1993
0,1356,1,Female,NA,01FG1,-946,-348,N,N,1992
0,1356,0,Female,S,01FG1,-946,-348,NA,NA,1993
0,1357,1,Male,NA,23GH2,-863,-350,NA,NA,1991
0,1357,0,Male,S,23GH2,-863,-350,NA,NA,1992
0,1357,0,Male,S,23GH2,-863,-350,NA,NA,1993
0,1357,0,Male,S,23GH2,-863,-350,NA,NA,1994
0,1357,0,Male,S,23GH2,-863,-350,NA,NA,1995
0,1357,0,Male,S,23GH2,-863,-350,NA,NA,1996
0,1357,0,Male,S,23GH2,-863,-350,NA,NA,1997
0,1357,0,Male,P,23GH2,-863,-350,NA,NA,1998
0,1359,1,Male,NA,1213CD1,-323,-239,NA,NA,1992
0,1359,0,Male,P,1213CD1,-323,-239,NA,NA,1993
0,1361,1,Female,NA,45FG1,-733,-299,N,N,1992
0,1361,0,Female,S,45FG1,-733,-299,NA,NA,1993
0,1361,0,Female,P,45FG1,-733,-299,NA,NA,1994
0,1404,1,Female,NA,1213FG1,-339,-341,NA,NA,1992
0,1404,0,Female,P,1213FG1,-339,-341,NA,NA,1993
0,1405,1,Female,NA,56FG2,-682,-328,NA,NA,1991
0,1405,0,Female,S,56FG2,-682,-328,NA,NA,1992
0,1405,0,Female,S,56FG2,-682,-328,NA,NA,1993
0,1439,1,Female,NA,67EF1,-658,-285,Y,N,1992
0,1439,0,Female,S,67EF2,-667,-281,NA,NA,1993
0,1439,0,Female,S,56FG2,-682,-328,NA,NA,1994
0,1439,0,Female,S,56FG2,-682,-328,NA,NA,1995
0,1440,1,Female,NA,34HJ2,-836,-419,N,N,1992
0,1440,0,Female,S,34HJ2,-836,-419,NA,NA,1993
0,1440,0,Female,S,23GH4,-851,-366,NA,NA,1994
0,1443,1,Female,NA,1213CD4,-315,-251,N,N,1992
0,1443,0,Female,S,1213CD4,-315,-251,NA,NA,1993
0,1443,0,Female,S,1213CD2,-310,-238,NA,NA,1994
0,1443,0,Female,P,1213CD2,-310,-238,NA,NA,1995
0,1444,1,Male,NA,1112DE2,-397,-255,XXX,?,1991
0,1444,0,Male,S,1112DE2,-397,-255,NA,NA,1992
0,1445,1,Male,NA,1112DE4,-362,-259,NA,NA,1992
0,1445,0,Male,P,1112DE4,-362,-259,NA,NA,1993
0,1446,1,Male,NA,45JK1,-789,-433,NA,NA,1991
0,1446,0,Male,S,45JK1,-789,-433,NA,NA,1992
0,1446,0,Male,S,45JK1,-789,-433,NA,NA,1993
0,1446,0,Male,S,45JK2,-783,-449,NA,NA,1994
0,1446,0,Male,S,34HJ3,-798,-419,NA,NA,1995
0,1446,0,Male,S,34HJ4,-787,-399,NA,NA,1996
0,1447,1,Male,NA,34HJ1,-846,-408,N,N,1992
0,1447,0,Male,S,34HJ1,-846,-408,NA,NA,1993
0,1447,0,Male,S,34HJ1,-846,-408,NA,NA,1994
0,1447,0,Male,S,34HJ1,-846,-408,NA,NA,1995
0,1447,0,Male,S,34HJ1,-846,-408,NA,NA,1996
0,1447,0,Male,S,23HJ3,-845,-394,NA,NA,1997
0,1447,0,Male,P,23HJ3,-845,-394,NA,NA,1998
0,1448,1,Female,NA,1112DE2,-397,-255,NA,NA,1992
0,1448,0,Female,P,1112DE2,-397,-255,NA,NA,1993
0,1457,0,Male,S,34FG2R2,-986,-1047,NA,NA,1995
0,1457,0,Male,S,34FG2R2,-986,-1047,NA,NA,1996
0,1476,0,Female,S,01AB3R2,-1158,-813,NA,NA,1995
0,1476,0,Female,S,01AB3R2,-1158,-813,NA,NA,1996
0,1476,0,Female,P,01AB3R2,-1158,-813,NA,NA,1997
0,1478,0,Female,P,45GH3R2,-968,-1139,NA,NA,1995
0,1484,0,Male,S,12FG1R2,-1107,-1054,NA,NA,1995
0,1484,0,Male,P,12FG1R2,-1107,-1054,NA,NA,1996
0,1486,0,Male,P,45GH1R2,-959,-1094,NA,NA,1995
0,1559,1,Male,NA,1213CD2,-310,-238,N,N,1992
0,1559,0,Male,S,1213CD2,-310,-238,NA,NA,1993
0,1559,0,Male,S,1213CD1,-323,-239,NA,NA,1994
0,1559,0,Male,S,1213CD1,-323,-239,NA,NA,1995
0,1559,0,Male,P,1213CD4,-315,-251,NA,NA,1996
0,1560,1,Male,NA,1112AB1,-382,-157,N,N,1992
0,1560,0,Male,S,1112AB1,-382,-157,NA,NA,1993
0,1560,0,Male,S,1112AB1,-382,-157,NA,NA,1994
0,1560,0,Male,P,1011AB1,-396,-144,NA,NA,1995
0,1561,1,Female,NA,1112BC1,-361,-169,N,N,1992
0,1561,0,Female,S,1112BC1,-361,-169,NA,NA,1993
0,1561,0,Female,S,1213AB1,-343,-150,NA,NA,1994
0,1561,0,Female,P,1213AB1,-343,-150,NA,NA,1995
0,1562,1,Female,NA,1213DE3,-307,-281,NA,NA,1992
0,1562,0,Female,P,1213DE3,-307,-281,NA,NA,1993
0,1563,1,Female,NA,1112BC1,-361,-169,NA,NA,1992
0,1563,0,Female,P,1112BC1,-361,-169,NA,NA,1993
0,1564,1,Female,NA,1011DE1,-438,-243,NA,NA,1992
0,1564,0,Female,P,1011DE1,-438,-243,NA,NA,1993
0,1565,1,Female,NA,1213CD4,-315,-251,NA,NA,1992
0,1565,0,Female,P,1213CD4,-315,-251,NA,NA,1993
0,1566,1,Female,NA,1112CD2,-362,-201,NA,NA,1992
0,1566,0,Female,P,1112CD2,-362,-201,NA,NA,1993
0,1567,1,Male,NA,45FG2,-741,-329,N,N,1992
0,1567,0,Male,S,45FG2,-741,-329,NA,NA,1993
0,1567,0,Male,S,56FG1,-723,-315,NA,NA,1994
0,1568,1,Male,NA,23GH4,-851,-366,N,N,1992
0,1568,0,Male,S,23GH4,-851,-366,NA,NA,1993
0,1568,0,Male,S,23GH3,-856,-361,NA,NA,1994
0,1568,0,Male,S,23GH3,-856,-361,NA,NA,1995
0,1568,0,Male,P,23GH1,-846,-352,NA,NA,1996
0,1570,1,Female,NA,23GH3,-856,-361,NA,NA,1992
0,1570,0,Female,P,23GH3,-856,-361,NA,NA,1993
0,1571,1,Female,NA,1011EF2,-417,-315,N,N,1992
0,1571,0,Female,S,1011EF2,-417,-315,NA,NA,1993
0,1571,0,Female,S,1011EF3,-424,-326,NA,NA,1994
0,1572,1,Male,NA,23GH1,-846,-352,NA,NA,1992
0,1572,0,Male,P,23GH1,-846,-352,NA,NA,1993
0,1573,1,Male,NA,45GH3,-724,-377,N,N,1992
0,1573,0,Male,S,45GH3,-724,-377,NA,NA,1993
0,1573,0,Male,S,45GH3,-724,-377,NA,NA,1994
0,1573,0,Male,S,45GH3,-724,-377,NA,NA,1995
0,1573,0,Male,P,45GH3,-724,-377,NA,NA,1996
0,1575,1,Male,NA,1314DE2,-283,-270,N,N,1992
0,1575,0,Male,S,1314DE2,-283,-270,NA,NA,1993
0,1575,0,Male,P,1314DE2,-283,-270,NA,NA,1994
0,1576,1,Female,NA,1213DE3,-307,-281,NA,NA,1992
0,1576,0,Female,P,1213DE3,-307,-281,NA,NA,1993
0,1577,1,Female,NA,67GH1,-675,-349,Y,N,1992
0,1577,0,Female,S,45GH2,-780,-355,NA,NA,1993
0,1577,0,Female,P,45GH2,-780,-355,NA,NA,1994
0,1578,1,Male,NA,1213FG1,-339,-341,NA,NA,1992
0,1578,0,Male,P,1213FG1,-339,-341,NA,NA,1993
0,1580,1,Female,NA,1314CD5,-252,-254,NA,NA,1992
0,1580,0,Female,S,1314CD5,-252,-254,NA,NA,1993
0,1580,0,Female,P,1314CD5,-252,-254,NA,NA,1994
0,1581,1,Male,NA,1011DE1,-438,-243,NA,NA,1993
0,1582,1,Male,NA,910EF2,-486,-312,NA,NA,1992
0,1582,0,Male,S,910EF2,-486,-312,NA,NA,1993
0,1583,1,Female,NA,34GH5,-815,-340,NA,NA,1993
0,1584,1,Male,NA,23GH3,-856,-361,NA,NA,1993
0,1586,1,Male,NA,56FG3,-707,-332,NA,NA,1992
0,1586,0,Male,S,56FG3,-707,-332,NA,NA,1993
0,1586,0,Male,S,56FG3,-707,-332,NA,NA,1994
0,1587,1,Male,NA,67EF2,-667,-281,NA,NA,1993
0,1588,1,Female,NA,1112DE3,-377,-254,Y,N,1993
0,1588,0,Female,S,1112AB1,-382,-157,NA,NA,1994
0,1588,0,Female,S,1112AB1,-382,-157,NA,NA,1995
0,1588,0,Female,S,1112AB1,-382,-157,NA,NA,1996
0,1589,1,Male,NA,1213DE4,-354,-284,NA,NA,1992
0,1589,0,Male,S,1213DE4,-354,-284,NA,NA,1993
0,1589,0,Male,S,1213DE4,-354,-284,NA,NA,1994
0,1589,0,Male,S,1213DE4,-354,-284,NA,NA,1995
0,1589,0,Male,P,1213DE4,-354,-284,NA,NA,1996
0,1595,1,Female,NA,67EF2,-667,-281,N,N,1993
0,1595,0,Female,S,67EF2,-667,-281,NA,NA,1994
0,1595,0,Female,S,67EF2,-667,-281,NA,NA,1995
0,1595,0,Female,P,67EF1,-658,-285,NA,NA,1996
0,1597,0,Male,S,34FG1R2,-1020,-1047,NA,NA,1995
0,1597,0,Male,P,34FG1R2,-1020,-1047,NA,NA,1996
0,1598,1,Male,NA,56FG2,-682,-328,NA,NA,1993
0,1600,0,Male,S,45CD3R2,-946,-926,NA,NA,1995
0,1600,0,Male,P,45CD3R2,-946,-926,NA,NA,1996
0,1601,0,Male,S,56BC2R2,-885,-893,NA,NA,1995
0,1601,0,Male,P,56BC2R2,-885,-893,NA,NA,1996
0,1602,1,Male,NA,34GH2,-809,-367,NA,NA,1993
0,1602,0,Male,P,34GH1,-811,-354,NA,NA,1994
0,1603,1,Female,NA,34HJ2,-836,-419,NA,NA,1993
0,1605,0,Female,S,23FG1R2,-1052,-1054,NA,NA,1995
0,1605,0,Female,P,23FG1R2,-1052,-1054,NA,NA,1996
0,1606,1,Male,NA,1213DE1,-346,-256,NA,NA,1993
0,1606,0,Male,P,1112BC1,-361,-169,NA,NA,1994
0,1607,1,Male,NA,34GH3,-795,-375,Y,N,1993
0,1607,0,Male,S,34GH2,-809,-367,NA,NA,1994
0,1607,0,Male,P,34GH2,-809,-367,NA,NA,1995
0,1608,0,Female,P,01AB2R2,-1138,-805,NA,NA,1995
0,1609,1,Male,NA,1112EF2,-366,-330,NA,NA,1993
0,1610,1,Female,NA,67FG1,-664,-304,NA,NA,1993
0,1610,0,Female,P,67FG1,-664,-304,NA,NA,1994
0,1611,1,Male,NA,34HJ2,-836,-419,N,N,1993
0,1611,0,Male,S,34HJ2,-836,-419,NA,NA,1994
0,1611,0,Male,S,34HJ2,-836,-419,NA,NA,1995
0,1612,1,Male,NA,1213CD2,-310,-238,NA,NA,1993
0,1612,0,Male,P,1213CD2,-310,-238,NA,NA,1994
0,1613,1,Female,NA,23FG1,-848,-297,NA,NA,1993
0,1613,0,Female,P,23FG1,-848,-297,NA,NA,1994
0,1614,1,Male,NA,1011DE2,-425,-255,Y,N,1993
0,1614,0,Male,S,1112DE4,-362,-259,NA,NA,1994
0,1614,0,Male,S,1112DE3,-377,-254,NA,NA,1995
0,1614,0,Male,S,1112DE3,-377,-254,NA,NA,1996
0,1614,0,Male,P,1112DE3,-377,-254,NA,NA,1997
0,1615,1,Male,NA,1011DE3,-406,-259,NA,NA,1993
0,1615,0,Male,P,1112DE3,-377,-254,NA,NA,1994
0,1616,0,Female,P,23FG2R2,-1052,-1059,NA,NA,1995
0,1617,1,Female,NA,1213DE1,-346,-256,NA,NA,1993
0,1617,0,Female,P,1213DE1,-346,-256,NA,NA,1994
0,1618,1,Female,NA,34GH5,-815,-340,Y,N,1993
0,1618,0,Female,S,67GH1,-675,-349,NA,NA,1994
0,1618,0,Female,S,67GH2,-658,-392,NA,NA,1995
0,1619,1,Male,NA,1213DE1,-346,-256,NA,NA,1993
0,1621,1,Male,NA,1112CD1,-375,-210,Y,N,1993
0,1621,0,Male,S,1112CD4,-371,-190,NA,NA,1994
0,1621,0,Male,S,1112CD4,-371,-190,NA,NA,1995
0,1621,0,Male,S,1112CD4,-371,-190,NA,NA,1996
0,1621,0,Male,P,1112CD4,-371,-190,NA,NA,1997
0,1622,1,Male,NA,1112EF2,-366,-330,Y,N,1993
0,1622,0,Male,S,1112EF1,-371,-319,NA,NA,1994
0,1622,0,Male,S,1112EF1,-371,-319,NA,NA,1995
0,1622,0,Male,P,1112EF1,-371,-319,NA,NA,1996
0,1623,1,Female,NA,1213DE3,-307,-281,N,N,1993
0,1623,0,Female,S,1213DE3,-307,-281,NA,NA,1994
0,1623,0,Female,S,1314DE2,-283,-270,NA,NA,1995
0,1623,0,Female,P,1314DE1,-282,-260,NA,NA,1996
0,1625,1,Male,NA,1314CD1,-276,-229,N,N,1993
0,1625,0,Male,S,1314CD1,-276,-229,NA,NA,1994
0,1625,0,Male,S,1314CD1,-276,-229,NA,NA,1995
0,1625,0,Male,S,1314CD1,-276,-229,NA,NA,1996
0,1626,1,Female,NA,34GH6,-825,-329,NA,NA,1993
0,1626,0,Female,P,34GH6,-825,-329,NA,NA,1994
0,1627,1,Female,NA,56FG1,-723,-315,Y,N,1993
0,1627,0,Female,S,45FG1,-733,-299,NA,NA,1994
0,1627,0,Female,P,45FG1,-733,-299,NA,NA,1995
0,1628,1,Male,NA,45JK1,-789,-433,NA,NA,1993
0,1628,0,Male,P,45JK1,-789,-433,NA,NA,1994
0,1629,1,Female,NA,34HJ2,-836,-419,NA,NA,1993
0,1629,0,Female,P,34HJ2,-836,-419,NA,NA,1994
0,1630,1,Female,NA,34GH3,-795,-375,NA,NA,1993
0,1630,0,Female,P,34GH3,-795,-375,NA,NA,1994
0,1631,1,Male,NA,23GH1,-846,-352,NA,NA,1993
0,1631,0,Male,P,23GH1,-846,-352,NA,NA,1994
0,1632,1,Female,NA,1314CD4,-241,-235,N,N,1993
0,1632,0,Female,S,1314CD4,-241,-235,NA,NA,1994
0,1633,1,Female,NA,1314CD2,-264,-229,NA,NA,1993
0,1633,0,Female,P,1314CD2,-264,-229,NA,NA,1994
0,1634,1,Male,NA,1314CD1,-276,-229,NA,NA,1993
0,1634,0,Male,P,1314CD1,-276,-229,NA,NA,1994
0,1635,1,Female,NA,1011DE3,-406,-259,Y,Y,1993
0,1635,0,Female,S,67DE1,-619,-214,NA,NA,1994
0,1635,0,Female,P,67DE1,-619,-214,NA,NA,1995
0,1636,1,Male,NA,1112BC1,-361,-169,N,N,1993
0,1636,0,Male,S,1112BC1,-361,-169,NA,NA,1994
0,1636,0,Male,S,1112BC1,-361,-169,NA,NA,1995
0,1636,0,Male,S,1112BC1,-361,-169,NA,NA,1996
0,1636,0,Male,S,1112BC1,-361,-169,NA,NA,1997
0,1636,0,Male,P,1112BC1,-361,-169,NA,NA,1998
0,1637,1,Female,NA,1112BC1,-361,-169,NA,NA,1993
0,1637,0,Female,P,1112BC1,-361,-169,NA,NA,1994
0,1638,1,Female,NA,1112CD1,-375,-210,NA,NA,1993
0,1638,0,Female,P,1112CD1,-375,-210,NA,NA,1994
0,1639,1,Female,NA,1213DE1,-346,-256,Y,N,1993
0,1639,0,Female,S,1314DE1,-282,-260,NA,NA,1994
0,1640,1,Female,NA,1112DE2,-397,-255,Y,N,1993
0,1640,0,Female,S,1112DE3,-377,-254,NA,NA,1994
0,1640,0,Female,P,1112DE3,-377,-254,NA,NA,1995
0,1641,1,Male,NA,1011DE1,-438,-243,N,N,1993
0,1641,0,Male,S,1011DE1,-438,-243,NA,NA,1994
0,1641,0,Male,S,1011DE1,-438,-243,NA,NA,1995
0,1641,0,Male,S,1011DE2,-425,-255,NA,NA,1996
0,1641,0,Male,S,1011DE2,-425,-255,NA,NA,1997
0,1642,1,Male,NA,01FG1,-946,-348,N,N,1993
0,1642,0,Male,S,01FG1,-946,-348,NA,NA,1994
0,1642,0,Male,S,01FG1,-946,-348,NA,NA,1995
0,1642,0,Male,S,01FG1,-946,-348,NA,NA,1996
0,1642,0,Male,S,01FG1,-946,-348,NA,NA,1997
0,1643,1,Male,NA,01FG1,-946,-348,NA,NA,1993
0,1643,0,Male,P,01FG1,-946,-348,NA,NA,1994
0,1644,1,Female,NA,23FG1,-848,-297,NA,NA,1993
0,1644,0,Female,P,23FG1,-848,-297,NA,NA,1994
0,1645,1,Male,NA,45HJ2,-788,-423,NA,NA,1993
0,1645,0,Male,P,45HJ2,-788,-423,NA,NA,1994
0,1646,1,Male,NA,910EF1,-474,-280,N,N,1993
0,1646,0,Male,S,910EF1,-474,-280,NA,NA,1994
0,1647,1,Female,NA,1314CD1,-276,-229,Y,N,1993
0,1647,0,Female,S,1314CD2,-264,-229,NA,NA,1994
0,1647,0,Female,S,1314CD2,-264,-229,NA,NA,1995
0,1647,0,Female,P,1314CD2,-264,-229,NA,NA,1996
0,1648,1,Female,NA,1112CD1,-375,-210,N,N,1993
0,1648,0,Female,S,1112CD1,-375,-210,NA,NA,1994
0,1648,0,Female,P,1112CD1,-375,-210,NA,NA,1995
0,1649,1,Female,NA,1011DE3,-406,-259,NA,NA,1993
0,1649,0,Female,P,1011DE3,-406,-259,NA,NA,1994
0,1650,1,Female,NA,1213DE1,-346,-256,Y,N,1993
0,1650,0,Female,S,1213DE2,-338,-263,NA,NA,1994
0,1650,0,Female,P,1213DE2,-338,-263,NA,NA,1995
0,1651,1,Female,NA,67GH2,-658,-392,NA,NA,1993
0,1651,0,Female,P,67GH2,-658,-392,NA,NA,1994
0,1701,0,Female,P,56BC3R2,-880,-878,NA,NA,1995
0,1703,0,Male,S,34DE2R2,-1001,-977,NA,NA,1995
0,1703,0,Male,S,34DE2R2,-1001,-977,NA,NA,1996
0,1703,0,Male,P,34DE2R2,-1001,-977,NA,NA,1997
0,1716,0,Male,S,45EF1R2,-962,-1006,NA,NA,1995
0,1716,0,Male,P,45EF1R2,-962,-1006,NA,NA,1996
0,1718,0,Male,P,34GH2R2,-983,-1114,NA,NA,1995
0,1722,0,Female,S,12CD1R2,-1128,-884,NA,NA,1995
0,1722,0,Female,S,12DE1R2,-1087,-936,NA,NA,1996
0,1722,0,Female,S,12DE1R2,-1087,-936,NA,NA,1997
0,1722,0,Female,P,12DE1R2,-1087,-936,NA,NA,1998
0,1723,0,Male,P,12EF2R2,-1095,-980,NA,NA,1995
0,1729,0,Male,S,R2,-940,-1135,NA,NA,1995
0,1729,0,Male,S,R2,-940,-1135,NA,NA,1996
0,1729,0,Male,S,R2,-940,-1135,NA,NA,1997
0,1736,0,Female,S,12EF1R2,-1077,-997,NA,NA,1995
0,1736,0,Female,S,12EF1R2,-1077,-997,NA,NA,1996
0,1739,0,Male,S,34HJ3,-798,-419,NA,NA,1994
0,1739,0,Male,P,34HJ3,-798,-419,NA,NA,1995
0,1743,0,Male,P,34CD1R2,-984,-930,NA,NA,1995
0,1744,0,Female,P,12FG1R2,-1107,-1054,NA,NA,1995
0,1745,0,Female,P,45CD2R2,-926,-901,NA,NA,1995
0,1751,0,Female,S,45DE3R2,-960,-979,NA,NA,1995
0,1751,0,Female,P,45DE3R2,-960,-979,NA,NA,1996
0,1754,0,Male,S,01AB1R2,-1138,-790,NA,NA,1995
0,1754,0,Male,P,01AB1R2,-1138,-790,NA,NA,1996
0,1755,0,Male,P,01AB3R2,-1158,-813,NA,NA,1995
0,1756,0,Male,P,12CD1R2,-1128,-884,NA,NA,1995
0,1757,0,Female,P,12CD1R2,-1128,-884,NA,NA,1995
0,1760,0,Male,P,23EF1R2,-1049,-1015,NA,NA,1995
0,1762,0,Female,S,23EF3R2,-1027,-1023,NA,NA,1995
0,1762,0,Female,S,23EF3R2,-1027,-1023,NA,NA,1996
0,1762,0,Female,P,23EF3R2,-1027,-1023,NA,NA,1997
0,1763,0,Male,P,34DE1R2,-1016,-955,NA,NA,1995
0,1764,0,Male,P,45DE1R2,-957,-945,NA,NA,1995
0,1765,0,Female,S,45CD4R2,-931,-917,NA,NA,1995
0,1765,0,Female,S,45CD4R2,-931,-917,NA,NA,1996
0,1769,0,Male,P,23EF3R2,-1027,-1023,NA,NA,1995
0,1770,0,Female,S,23GH2R2,-1042,-1091,NA,NA,1995
0,1770,0,Female,P,23GH2R2,-1042,-1091,NA,NA,1996
0,1771,0,Male,S,12CD2R2,-1123,-904,NA,NA,1995
0,1771,0,Male,S,12CD2R2,-1123,-904,NA,NA,1996
0,1771,0,Male,S,12CD2R2,-1123,-904,NA,NA,1997
0,1771,0,Male,P,12CD2R2,-1123,-904,NA,NA,1998
0,1774,0,Female,P,34FG3R2,-985,-1088,NA,NA,1995
0,1776,0,Female,S,23HJ3,-845,-394,NA,NA,1995
0,1777,0,Male,S,45GH2R2,-962,-1116,NA,NA,1995
0,1777,0,Male,S,45GH2R2,-962,-1116,NA,NA,1996
0,1777,0,Male,S,45GH2R2,-962,-1116,NA,NA,1997
0,1777,0,Male,P,45GH2R2,-962,-1116,NA,NA,1998
0,1778,0,Male,P,45GH1R2,-959,-1094,NA,NA,1995
0,1779,0,Female,P,45FG1R2,-948,-1043,NA,NA,1995
0,1780,0,Male,P,01AB3R2,-1158,-813,NA,NA,1995
0,1781,0,Male,P,01BC3R2,-1133,-870,NA,NA,1995
0,1782,0,Male,P,12EF1R2,-1077,-997,NA,NA,1995
0,1783,0,Male,S,34EF1R2,-1020,-993,NA,NA,1995
0,1783,0,Male,S,23DE1R2,-1028,-977,NA,NA,1996
0,1783,0,Male,S,34DE2R2,-1001,-977,NA,NA,1997
0,1783,0,Male,S,34DE2R2,-1001,-977,NA,NA,1998
0,1783,0,Male,P,34DE2R2,-1001,-977,NA,NA,1999
0,1784,0,Female,P,45DE2R2,-974,-961,NA,NA,1995
0,1785,0,Male,P,56BC3R2,-880,-878,NA,NA,1995
0,1786,0,Female,S,45FG2R2,-969,-1078,NA,NA,1995
0,1786,0,Female,S,45FG2R2,-969,-1078,NA,NA,1996
0,1786,0,Female,P,45FG2R2,-969,-1078,NA,NA,1997
0,1788,0,Female,S,34GH3R2,-992,-1130,NA,NA,1995
0,1788,0,Female,S,34GH3R2,-992,-1130,NA,NA,1996
0,1789,0,Female,P,34GH3R2,-992,-1130,NA,NA,1995
0,1790,0,Male,P,12FG4R2,-1121,-1083,NA,NA,1995
0,1792,0,Female,P,34FG2R2,-986,-1047,NA,NA,1995
0,1793,0,Male,P,45DE1R2,-957,-945,NA,NA,1995
0,1794,0,Male,P,12CD4R2,-1115,-932,NA,NA,1995
0,1795,0,Male,P,01BC2R2,-1132,-857,NA,NA,1995
0,1796,0,Female,P,01AB2R2,-1138,-805,NA,NA,1995
0,1797,0,Female,S,12EF2R2,-1095,-980,NA,NA,1995
0,1797,0,Female,S,12EF2R2,-1095,-980,NA,NA,1996
0,1797,0,Female,S,12EF1R2,-1077,-997,NA,NA,1997
0,1797,0,Female,S,12DE1R2,-1087,-936,NA,NA,1998
0,1798,0,Male,P,45DE3R2,-960,-979,NA,NA,1995
0,1799,0,Female,P,56BC2R2,-885,-893,NA,NA,1995
0,1800,1,Female,NA,45JK1,-789,-433,Y,N,1995
0,1800,0,Female,S,34HJ3,-798,-419,NA,NA,1996
0,1800,0,Female,P,45JK1,-789,-433,NA,NA,1997
0,1901,1,Female,NA,1011AB1,-396,-144,NA,NA,1994
0,1903,1,Female,NA,45GH1,-759,-365,NA,NA,1993
0,1903,0,Female,S,45GH1,-759,-365,NA,NA,1994
0,1903,0,Female,S,45FG3,-739,-350,NA,NA,1995
0,1903,0,Female,S,45GH2,-780,-355,NA,NA,1996
0,1903,0,Female,S,45GH2,-780,-355,NA,NA,1997
0,1903,0,Female,P,45GH2,-780,-355,NA,NA,1998
0,1904,1,Male,NA,34GH5,-815,-340,N,N,1994
0,1904,0,Male,S,34GH5,-815,-340,NA,NA,1995
0,1904,0,Male,S,34GH5,-815,-340,NA,NA,1996
0,1905,1,Female,NA,1213FG1,-339,-341,NA,NA,1993
0,1905,0,Female,S,1213FG1,-339,-341,NA,NA,1994
0,1905,0,Female,S,1213FG1,-339,-341,NA,NA,1995
0,1905,0,Female,P,1213FG1,-339,-341,NA,NA,1996
0,1906,1,Male,NA,1112EF2,-366,-330,Y,N,1994
0,1906,0,Male,S,1112FG1,-375,-337,NA,NA,1995
0,1906,0,Male,S,1213FG1,-339,-341,NA,NA,1996
0,1906,0,Male,S,1213FG1,-339,-341,NA,NA,1997
0,1907,1,Female,NA,1011DE3,-406,-259,Y,Y,1994
0,1907,0,Female,S,45JK1,-789,-433,NA,NA,1995
0,1907,0,Female,S,45JK2,-783,-449,NA,NA,1996
0,1908,1,Female,NA,1011DE2,-425,-255,NA,NA,1993
0,1908,0,Female,S,1011DE2,-425,-255,NA,NA,1994
0,1908,0,Female,P,1011DE2,-425,-255,NA,NA,1995
0,1909,1,Female,NA,1314CD5,-252,-254,NA,NA,1994
0,1911,1,Male,NA,1112DE3,-377,-254,Y,N,1994
0,1911,0,Male,S,1112DE1,-372,-235,NA,NA,1995
0,1911,0,Male,P,1112DE1,-372,-235,NA,NA,1996
0,1912,1,Female,NA,1112CD2,-362,-201,NA,NA,1994
0,1912,0,Female,P,1112CD2,-362,-201,NA,NA,1995
0,1913,1,Male,NA,1011AB2,-386,-115,NA,NA,1994
0,1914,1,Male,NA,1112DE3,-377,-254,NA,NA,1994
0,1914,0,Male,P,1112DE3,-377,-254,NA,NA,1995
0,1916,1,Male,NA,1213DE3,-307,-281,N,N,1994
0,1916,0,Male,S,1213DE3,-307,-281,NA,NA,1995
0,1916,0,Male,S,1213DE3,-307,-281,NA,NA,1996
0,1916,0,Male,S,1213DE3,-307,-281,NA,NA,1997
0,1916,0,Male,S,1213DE3,-307,-281,NA,NA,1998
0,1917,1,Male,NA,1112CD1,-375,-210,Y,N,1994
0,1917,0,Male,S,1112CD3,-362,-211,NA,NA,1995
0,1918,1,Male,NA,1213BC1,-347,-178,NA,NA,1994
0,1919,1,Female,NA,1112CD3,-362,-211,NA,NA,1993
0,1919,0,Female,S,1112CD3,-362,-211,NA,NA,1994
0,1919,0,Female,P,1112CD3,-362,-211,NA,NA,1995
0,1920,1,Female,NA,1112DE1,-372,-235,XXX,?,1993
0,1920,0,Female,S,1112DE1,-372,-235,NA,NA,1994
0,1922,1,Male,NA,1213CD4,-315,-251,Y,N,1994
0,1922,0,Male,S,1213CD5,-319,-255,NA,NA,1995
0,1923,1,Female,NA,1011AB1,-396,-144,NA,NA,1994
0,1925,1,Female,NA,1112DE3,-377,-254,NA,NA,1994
0,1932,1,Male,NA,1011AB1,-396,-144,NA,NA,1994
0,1932,0,Male,P,1112AB2,-362,-110,NA,NA,1995
0,1933,1,Male,NA,67EF1,-658,-285,Y,N,1994
0,1933,0,Male,S,67FG1,-664,-304,NA,NA,1995
0,1933,0,Male,S,56FG2,-682,-328,NA,NA,1996
0,1933,0,Male,P,56FG2,-682,-328,NA,NA,1997
0,1934,1,Female,NA,23HJ2,-864,-386,NA,NA,1993
0,1934,0,Female,S,23HJ2,-864,-386,NA,NA,1994
0,1934,0,Female,S,23HJ2,-864,-386,NA,NA,1995
0,1935,1,Male,NA,34GH5,-815,-340,NA,NA,1994
0,1938,1,Female,NA,45FG1,-733,-299,NA,NA,1994
0,1938,0,Female,P,45FG1,-733,-299,NA,NA,1995
0,1939,1,Female,NA,67EF2,-667,-281,NA,NA,1994
0,1940,1,Female,NA,1213DE2,-338,-263,Y,N,1994
0,1940,0,Female,S,1213OA1,-329,-98,NA,NA,1995
0,1941,1,Male,NA,1112AB1,-382,-157,NA,NA,1994
0,1943,1,Female,NA,1112EF2,-366,-330,N,N,1994
0,1943,0,Female,S,1112EF2,-366,-330,NA,NA,1995
0,1943,0,Female,P,1112EF2,-366,-330,NA,NA,1996
0,1947,1,Male,NA,1112AB1,-382,-157,NA,NA,1994
0,1947,0,Male,P,1112AB1,-382,-157,NA,NA,1995
0,1948,1,Male,NA,1213AB1,-343,-150,Y,N,1994
0,1948,0,Male,S,1112AB2,-362,-110,NA,NA,1995
0,1948,0,Male,P,1213AB1,-343,-150,NA,NA,1996
0,1949,1,Male,NA,1011BC1,-408,-175,N,N,1994
0,1949,0,Male,S,1011BC1,-408,-175,NA,NA,1995
0,1949,0,Male,S,1011BC1,-408,-175,NA,NA,1996
0,1949,0,Male,P,1011CD1,-412,-188,NA,NA,1997
0,1950,1,Male,NA,1213DE2,-338,-263,N,N,1994
0,1950,0,Male,S,1213DE2,-338,-263,NA,NA,1995
0,1950,0,Male,P,1213DE2,-338,-263,NA,NA,1996
0,1956,1,Female,NA,23GH1,-846,-352,N,N,1994
0,1956,0,Female,S,23GH1,-846,-352,NA,NA,1995
0,1957,1,Female,NA,23HJ3,-845,-394,NA,NA,1994
0,1957,0,Female,P,23HJ3,-845,-394,NA,NA,1995
0,1958,1,Male,NA,45HJ1,-771,-393,N,N,1994
0,1958,0,Male,S,45HJ1,-771,-393,NA,NA,1995
0,1958,0,Male,P,45HJ1,-771,-393,NA,NA,1996
0,1959,1,Male,NA,23FG2,-835,-299,NA,NA,1994
0,1959,0,Male,P,23FG2,-835,-299,NA,NA,1995
0,1960,1,Male,NA,34FG1,-792,-296,Y,N,1994
0,1960,0,Male,S,45FG4,-758,-290,NA,NA,1995
0,1960,0,Male,S,45FG4,-758,-290,NA,NA,1996
0,1960,0,Male,S,45FG4,-758,-290,NA,NA,1997
0,1960,0,Male,S,45FG4,-758,-290,NA,NA,1998
0,1960,0,Male,P,45FG4,-758,-290,NA,NA,1999
0,1961,1,Female,NA,56EF1,-696,-283,NA,NA,1994
0,1961,0,Female,P,56EF1,-696,-283,NA,NA,1995
0,1963,1,Female,NA,67DE1,-619,-214,NA,NA,1994
0,1963,0,Female,P,67DE1,-619,-214,NA,NA,1995
0,1964,1,Male,NA,1415DE1,-227,-296,NA,NA,1993
0,1964,0,Male,S,1415DE1,-227,-296,NA,NA,1994
0,1964,0,Male,S,1415DE1,-227,-296,NA,NA,1995
0,1964,0,Male,S,1415DE1,-227,-296,NA,NA,1996
0,1964,0,Male,P,1415DE1,-227,-296,NA,NA,1997
0,1966,1,Male,NA,1112DE2,-397,-255,N,N,1994
0,1966,0,Male,S,1112DE2,-397,-255,NA,NA,1995
0,1966,0,Male,S,1112DE2,-397,-255,NA,NA,1996
0,1966,0,Male,S,1112DE2,-397,-255,NA,NA,1997
0,1966,0,Male,P,1112DE2,-397,-255,NA,NA,1998
0,1967,1,Female,NA,1011DE2,-425,-255,NA,NA,1994
0,1967,0,Female,P,1011DE2,-425,-255,NA,NA,1995
0,1968,1,Female,NA,1011AB2,-386,-115,Y,N,1994
0,1968,0,Female,S,1213AB2,-339,-129,NA,NA,1995
0,1968,0,Female,S,1213AB2,-339,-129,NA,NA,1996
0,1970,1,Female,NA,SS1,-964,-540,N,N,1994
0,1970,0,Female,S,SS1,-964,-540,NA,NA,1995
0,1970,0,Female,P,SS1,-964,-540,NA,NA,1996
0,1971,1,Male,NA,SS4,-1078,-553,N,N,1994
0,1971,0,Male,S,SS4,-1078,-553,NA,NA,1995
0,1971,0,Male,P,SS4,-1078,-553,NA,NA,1996
0,1972,1,Female,NA,SS5,-1018,-610,Y,N,1994
0,1972,0,Female,S,SS3,-1068,-549,NA,NA,1995
0,1972,0,Female,P,SS3,-1068,-549,NA,NA,1996
0,1973,1,Male,NA,45JK3,-757,-445,N,N,1994
0,1973,0,Male,S,45JK3,-757,-445,NA,NA,1995
0,1973,0,Male,S,45JK3,-757,-445,NA,NA,1996
0,1973,0,Male,S,45JK1,-789,-433,NA,NA,1997
0,1973,0,Male,S,45JK1,-789,-433,NA,NA,1998
0,1973,0,Male,S,45JK1,-789,-433,NA,NA,1999
0,1974,1,Male,NA,45GH2,-780,-355,N,N,1994
0,1974,0,Male,S,45GH2,-780,-355,NA,NA,1995
0,1975,1,Female,NA,1314CD2,-264,-229,NA,NA,1994
0,1975,0,Female,P,1314CD2,-264,-229,NA,NA,1995
0,1976,1,Male,NA,1314DE2,-283,-270,NA,NA,1994
0,1976,0,Male,P,1314DE2,-283,-270,NA,NA,1995
0,1977,1,Female,NA,1213DE2,-338,-263,NA,NA,1994
0,1977,0,Female,P,1213DE2,-338,-263,NA,NA,1995
0,1978,1,Female,NA,1011EF2,-417,-315,N,N,1994
0,1978,0,Female,S,1011EF2,-417,-315,NA,NA,1995
0,1979,1,Male,NA,1011EF3,-424,-326,N,N,1994
0,1979,0,Male,S,1011EF3,-424,-326,NA,NA,1995
0,1982,1,Male,NA,45FG1,-733,-299,Y,N,1994
0,1982,0,Male,S,56FG1,-723,-315,NA,NA,1995
0,1982,0,Male,S,67EF1,-658,-285,NA,NA,1996
0,1982,0,Male,S,67EF1,-658,-285,NA,NA,1997
0,1983,1,Male,NA,67GH1,-675,-349,NA,NA,1994
0,1983,0,Male,P,67GH1,-675,-349,NA,NA,1995
0,1984,1,Female,NA,45GH1,-759,-365,N,N,1994
0,1984,0,Female,S,45GH1,-759,-365,NA,NA,1995
0,1984,0,Female,S,45GH1,-759,-365,NA,NA,1996
0,1985,1,Male,NA,34GH6,-825,-329,Y,N,1994
0,1985,0,Male,S,23FG2,-835,-299,NA,NA,1995
0,1985,0,Male,S,23FG2,-835,-299,NA,NA,1996
0,1985,0,Male,S,23FG2,-835,-299,NA,NA,1997
0,1985,0,Male,S,23FG2,-835,-299,NA,NA,1998
0,1985,0,Male,P,34GH6,-825,-329,NA,NA,1999
0,1987,1,Male,NA,23HJ2,-864,-386,Y,N,1994
0,1987,0,Male,S,23GH4,-851,-366,NA,NA,1995
0,1989,1,Female,NA,1213OA1,-329,-98,NA,NA,1995
0,1992,1,Female,NA,1415CD1,-212,-285,NA,NA,1994
0,1992,0,Female,S,1415CD1,-212,-285,NA,NA,1995
0,1992,0,Female,S,1415CD1,-212,-285,NA,NA,1996
0,1992,0,Female,S,1415CD1,-212,-285,NA,NA,1997
0,1992,0,Female,S,1415CD1,-212,-285,NA,NA,1998
0,1993,1,Male,NA,1112EF3,-366,-295,NA,NA,1994
0,1993,0,Male,S,1112EF3,-366,-295,NA,NA,1995
0,1995,1,Female,NA,34GH2,-809,-367,Y,N,1995
0,1995,0,Female,S,23FG1,-848,-297,NA,NA,1996
0,1995,0,Female,S,23FG1,-848,-297,NA,NA,1997
0,1996,1,Female,NA,34FG1,-792,-296,NA,NA,1994
0,1996,0,Female,S,34FG1,-792,-296,NA,NA,1995
0,1996,0,Female,S,45FG4,-758,-290,NA,NA,1996
0,1996,0,Female,S,45FG4,-758,-290,NA,NA,1997
0,1996,0,Female,S,34FG1,-792,-296,NA,NA,1998
0,1996,0,Female,S,34FG1,-792,-296,NA,NA,1999
0,1997,1,Female,NA,34GH6,-825,-329,NA,NA,1994
0,1997,0,Female,S,34GH6,-825,-329,NA,NA,1995
0,1997,0,Female,S,34GH6,-825,-329,NA,NA,1996
0,1997,0,Female,S,34GH5,-815,-340,NA,NA,1997
0,1997,0,Female,S,34GH5,-815,-340,NA,NA,1998
0,1997,0,Female,P,23FG2,-835,-299,NA,NA,1999
0,1999,1,Female,NA,67GH3,-635,-400,N,N,1995
0,1999,0,Female,S,67GH3,-635,-400,NA,NA,1996
0,2001,1,Female,NA,1213CD2,-310,-238,N,N,1995
0,2001,0,Female,S,1213CD2,-310,-238,NA,NA,1996
0,2002,1,Male,NA,1415CD1,-212,-285,NA,NA,1995
0,2002,0,Male,P,1415CD1,-212,-285,NA,NA,1996
0,2003,1,Female,NA,1112CD1,-375,-210,N,N,1995
0,2003,0,Female,S,1112CD1,-375,-210,NA,NA,1996
0,2003,0,Female,S,1112CD1,-375,-210,NA,NA,1997
0,2003,0,Female,S,1112CD1,-375,-210,NA,NA,1998
0,2004,1,Female,NA,1011DE1,-438,-243,N,N,1995
0,2004,0,Female,S,1011DE1,-438,-243,NA,NA,1996
0,2005,1,Female,NA,1112DE4,-362,-259,NA,NA,1995
0,2006,1,Female,NA,1314CD2,-264,-229,NA,NA,1995
0,2007,1,Female,NA,1011BC1,-408,-175,Y,N,1995
0,2007,0,Female,S,1011CD1,-412,-188,NA,NA,1996
0,2008,1,Female,NA,1112DE4,-362,-259,NA,NA,1995
0,2008,0,Female,P,1112DE4,-362,-259,NA,NA,1996
0,2009,1,Female,NA,1213CD2,-310,-238,NA,NA,1995
0,2010,1,Male,NA,1112EF2,-366,-330,Y,N,1995
0,2010,0,Male,S,1112EF1,-371,-319,NA,NA,1996
0,2010,0,Male,P,1112EF1,-371,-319,NA,NA,1997
0,2011,1,Male,NA,1415CD1,-212,-285,Y,N,1995
0,2011,0,Male,S,1516CD1,-174,-298,NA,NA,1996
0,2012,1,Female,NA,1213AB2,-339,-129,N,N,1995
0,2012,0,Female,S,1213AB2,-339,-129,NA,NA,1996
0,2012,0,Female,P,1213AB2,-339,-129,NA,NA,1997
0,2013,1,Female,NA,1112AB2,-362,-110,N,N,1995
0,2013,0,Female,S,1112AB2,-362,-110,NA,NA,1996
0,2014,1,Male,NA,1112AB1,-382,-157,NA,NA,1995
0,2014,0,Male,P,1112AB1,-382,-157,NA,NA,1996
0,2015,1,Female,NA,1112EF3,-366,-295,N,N,1995
0,2015,0,Female,S,1112EF3,-366,-295,NA,NA,1996
0,2015,0,Female,S,1112EF3,-366,-295,NA,NA,1997
0,2015,0,Female,S,1213DE4,-354,-284,NA,NA,1998
0,2015,0,Female,P,1112EF3,-366,-295,NA,NA,1999
0,2016,1,Female,NA,1314DE1,-282,-260,Y,N,1995
0,2016,0,Female,S,1314CD4,-241,-235,NA,NA,1996
0,2017,1,Male,NA,1314DE2,-283,-270,NA,NA,1995
0,2017,0,Male,P,1314DE2,-283,-270,NA,NA,1996
0,2018,1,Female,NA,1011DE3,-406,-259,Y,N,1995
0,2018,0,Female,S,1112FG1,-375,-337,NA,NA,1996
0,2018,0,Female,S,1112FG1,-375,-337,NA,NA,1997
0,2019,1,Female,NA,910EF1,-474,-280,NA,NA,1995
0,2019,0,Female,P,910EF1,-474,-280,NA,NA,1996
0,2020,1,Female,NA,1011EF3,-424,-326,N,N,1995
0,2020,0,Female,S,1011EF3,-424,-326,NA,NA,1996
0,2021,1,Male,NA,1011DE3,-406,-259,NA,NA,1995
0,2021,0,Male,P,1011DE3,-406,-259,NA,NA,1996
0,2022,1,Male,NA,1112AB1,-382,-157,NA,NA,1995
0,2022,0,Male,P,1112AB1,-382,-157,NA,NA,1996
0,2023,1,Male,NA,1213AB2,-339,-129,Y,N,1995
0,2023,0,Male,S,1213AB1,-343,-150,NA,NA,1996
0,2024,1,Male,NA,1415CD1,-212,-285,NA,NA,1995
0,2024,0,Male,P,1415CD1,-212,-285,NA,NA,1996
0,2025,1,Male,NA,1112AB1,-382,-157,NA,NA,1995
0,2025,0,Male,P,1112AB1,-382,-157,NA,NA,1996
0,2027,1,Male,NA,1314CD4,-241,-235,NA,NA,1995
0,2027,0,Male,P,1314CD4,-241,-235,NA,NA,1996
0,2029,1,Female,NA,1112EF2,-366,-330,Y,N,1995
0,2029,0,Female,S,1112DE4,-362,-259,NA,NA,1996
0,2029,0,Female,S,1112DE4,-362,-259,NA,NA,1997
0,2031,1,Female,NA,1213BC1,-347,-178,Y,N,1995
0,2031,0,Female,S,1213AB1,-343,-150,NA,NA,1996
0,2032,1,Male,NA,1213OA1,-329,-98,NA,NA,1995
0,2032,0,Male,P,1213OA1,-329,-98,NA,NA,1996
0,2034,1,Female,NA,1011CD1,-412,-188,NA,NA,1994
0,2034,0,Female,S,1011CD1,-412,-188,NA,NA,1995
0,2035,1,Male,NA,1011EF2,-417,-315,N,N,1995
0,2035,0,Male,S,1011EF2,-417,-315,NA,NA,1996
0,2035,0,Male,P,1011EF2,-417,-315,NA,NA,1997
0,2036,1,Female,NA,910EF1,-474,-280,NA,NA,1994
0,2036,0,Female,S,910EF1,-474,-280,NA,NA,1995
0,2036,0,Female,S,910EF1,-474,-280,NA,NA,1996
0,2037,1,Female,NA,67DE1,-619,-214,NA,NA,1994
0,2037,0,Female,S,67DE1,-619,-214,NA,NA,1995
0,2037,0,Female,S,67DE1,-619,-214,NA,NA,1996
0,2037,0,Female,S,67DE1,-619,-214,NA,NA,1997
0,2037,0,Female,S,67DE1,-619,-214,NA,NA,1998
0,2037,0,Female,S,67DE1,-619,-214,NA,NA,1999
0,2038,1,Female,NA,56FG3,-707,-332,NA,NA,1995
0,2039,1,Male,NA,45JK2,-783,-449,NA,NA,1995
0,2040,1,Female,NA,1112AB1,-382,-157,NA,NA,1995
0,2041,1,Male,NA,1314CD2,-264,-229,Y,N,1995
0,2041,0,Male,S,1213DE2,-338,-263,NA,NA,1996
0,2041,0,Male,S,1213DE1,-346,-256,NA,NA,1997
0,2041,0,Male,S,1213DE1,-346,-256,NA,NA,1998
0,2042,1,Male,NA,1314CD5,-252,-254,NA,NA,1995
0,2042,0,Male,P,1314CD5,-252,-254,NA,NA,1996
0,2044,1,Male,NA,1011AB1,-396,-144,XXX,?,1994
0,2044,0,Male,S,1011AB1,-396,-144,NA,NA,1995
0,2044,0,Male,S,1011AB1,-396,-144,NA,NA,1996
0,2045,1,Female,NA,34HJ4,-787,-399,NA,NA,1995
0,2047,1,Female,NA,01GH1,-944,-391,NA,NA,1994
0,2047,0,Female,S,01GH1,-944,-391,NA,NA,1995
0,2051,1,Male,NA,SS5,-1018,-610,NA,NA,1994
0,2051,0,Male,S,SS5,-1018,-610,NA,NA,1995
0,2051,0,Male,S,SS5,-1018,-610,NA,NA,1996
0,2051,0,Male,S,SS8,-1066,-657,NA,NA,1997
0,2051,0,Male,P,SS8,-1066,-657,NA,NA,1998
0,2052,1,Male,NA,SS2,-1015,-544,NA,NA,1995
0,2052,0,Male,P,SS2,-1015,-544,NA,NA,1996
0,2055,1,Female,NA,23GH3,-856,-361,N,N,1995
0,2055,0,Female,S,23GH3,-856,-361,NA,NA,1996
0,2055,0,Female,S,23GH3,-856,-361,NA,NA,1997
0,2055,0,Female,P,23GH3,-856,-361,NA,NA,1998
0,2056,1,Female,NA,23GH4,-851,-366,Y,N,1995
0,2056,0,Female,S,34GH4,-824,-354,NA,NA,1996
0,2058,1,Male,NA,34GH3,-795,-375,N,N,1995
0,2058,0,Male,S,34GH3,-795,-375,NA,NA,1996
0,2058,0,Male,S,34GH3,-795,-375,NA,NA,1997
0,2058,0,Male,P,34GH3,-795,-375,NA,NA,1998
0,2059,1,Male,NA,23FG3,-832,-325,NA,NA,1995
0,2061,1,Female,NA,67EF2,-667,-281,N,N,1995
0,2061,0,Female,S,67EF2,-667,-281,NA,NA,1996
0,2061,0,Female,S,67EF2,-667,-281,NA,NA,1997
0,2062,1,Male,NA,45FG3,-739,-350,NA,NA,1995
0,2062,0,Male,P,45FG3,-739,-350,NA,NA,1996
0,2063,1,Male,NA,67GH1,-675,-349,NA,NA,1995
0,2064,1,Male,NA,SS2,-1015,-544,Y,N,1995
0,2064,0,Male,S,SS8,-1066,-657,NA,NA,1996
0,2064,0,Male,P,SS8,-1066,-657,NA,NA,1997
0,2065,1,Male,NA,SS6,-1043,-617,NA,NA,1994
0,2065,0,Male,S,SS6,-1043,-617,NA,NA,1995
0,2065,0,Male,S,23HJ1,-873,-383,NA,NA,1996
0,2066,1,Female,NA,34GH6,-825,-329,NA,NA,1995
0,2066,0,Female,P,34GH6,-825,-329,NA,NA,1996
0,2067,1,Female,NA,1314CD2,-264,-229,NA,NA,1995
0,2067,0,Female,P,1314CD2,-264,-229,NA,NA,1996
0,2068,1,Male,NA,34GH2,-809,-367,NA,NA,1995
0,2068,0,Male,P,34GH2,-809,-367,NA,NA,1996
0,2069,1,Male,NA,45FG2,-741,-329,N,N,1995
0,2069,0,Male,S,45FG2,-741,-329,NA,NA,1996
0,2069,0,Male,S,45FG2,-741,-329,NA,NA,1997
0,2069,0,Male,S,56FG1,-723,-315,NA,NA,1998
0,2076,1,Male,NA,78CD1,-579,-197,NA,NA,1995
0,2076,0,Male,P,78CD1,-579,-197,NA,NA,1996
0,2077,1,Female,NA,67EF2,-667,-281,NA,NA,1995
0,2078,1,Female,NA,67FG1,-664,-304,NA,NA,1995
0,2079,1,Male,NA,56FG1,-723,-315,N,N,1995
0,2079,0,Male,S,56FG1,-723,-315,NA,NA,1996
0,2079,0,Male,S,56FG1,-723,-315,NA,NA,1997
0,2079,0,Male,P,56FG1,-723,-315,NA,NA,1998
0,2081,1,Male,NA,67GH2,-658,-392,N,N,1995
0,2081,0,Male,S,67GH2,-658,-392,NA,NA,1996
0,2081,0,Male,P,67GH2,-658,-392,NA,NA,1997
0,2082,1,Female,NA,67GH3,-635,-400,NA,NA,1995
0,2082,0,Female,P,67GH3,-635,-400,NA,NA,1996
0,2085,1,Male,NA,23GH3,-856,-361,NA,NA,1995
0,2085,0,Male,P,23GH3,-856,-361,NA,NA,1996
0,2086,1,Female,NA,23HJ2,-864,-386,N,N,1995
0,2086,0,Female,S,23HJ2,-864,-386,NA,NA,1996
0,2086,0,Female,P,23HJ1,-873,-383,NA,NA,1997
0,2087,1,Male,NA,23HJ3,-845,-394,NA,NA,1995
0,2087,0,Male,P,23HJ3,-845,-394,NA,NA,1996
0,2088,1,Female,NA,34GH5,-815,-340,Y,Y,1995
0,2088,0,Female,S,45CD2R2,-926,-901,NA,NA,1996
0,2090,1,Male,NA,23FG1,-848,-297,NA,NA,1995
0,2091,1,Male,NA,34FG1,-792,-296,N,N,1995
0,2091,0,Male,S,34FG1,-792,-296,NA,NA,1996
0,2091,0,Male,S,34FG1,-792,-296,NA,NA,1997
0,2091,0,Male,P,34FG1,-792,-296,NA,NA,1998
0,2092,1,Female,NA,23GH3,-856,-361,NA,NA,1995
0,2092,0,Female,P,23GH3,-856,-361,NA,NA,1996
0,2093,1,Male,NA,23HJ3,-845,-394,Y,N,1995
0,2093,0,Male,S,34HJ2,-836,-419,NA,NA,1996
0,2093,0,Male,S,34HJ2,-836,-419,NA,NA,1997
0,2093,0,Male,S,34HJ2,-836,-419,NA,NA,1998
0,2093,0,Male,P,34HJ2,-836,-419,NA,NA,1999
0,2094,1,Female,NA,45JK2,-783,-449,NA,NA,1995
0,2095,1,Female,NA,910EF1,-474,-280,NA,NA,1995
0,2095,0,Female,P,910EF1,-474,-280,NA,NA,1996
0,2096,1,Male,NA,1314DE1,-282,-260,NA,NA,1995
0,2096,0,Male,S,1314DE1,-282,-260,NA,NA,1996
0,2096,0,Male,S,1314DE2,-283,-270,NA,NA,1997
0,2096,0,Male,P,1314DE1,-282,-260,NA,NA,1998
0,2098,1,Male,NA,45FG3,-739,-350,NA,NA,1995
0,2098,0,Male,P,45FG3,-739,-350,NA,NA,1996
0,2301,1,Female,NA,23FG1R2,-1052,-1054,Y,N,1995
0,2301,0,Female,S,12FG6R2,-1107,-1077,NA,NA,1996
0,2301,0,Female,P,12FG6R2,-1107,-1077,NA,NA,1997
0,2302,1,Female,NA,23FG1R2,-1052,-1054,NA,NA,1995
0,2302,0,Female,P,23FG1R2,-1052,-1054,NA,NA,1996
0,2303,1,Male,NA,12FG4R2,-1121,-1083,NA,NA,1995
0,2303,0,Male,P,12FG4R2,-1121,-1083,NA,NA,1996
0,2304,1,Female,NA,23GH1R2,-1058,-1100,NA,NA,1995
0,2304,0,Female,P,23GH1R2,-1058,-1100,NA,NA,1996
0,2305,1,Female,NA,34GH1R2,-1014,-1093,NA,NA,1995
0,2305,0,Female,P,34GH1R2,-1014,-1093,NA,NA,1996
0,2306,1,Female,NA,23EF3R2,-1027,-1023,NA,NA,1995
0,2306,0,Female,P,23EF3R2,-1027,-1023,NA,NA,1996
0,2307,1,Female,NA,45GH7R2,-941,-1107,NA,NA,1995
0,2307,0,Female,P,45GH7R2,-941,-1107,NA,NA,1996
0,2308,1,Female,NA,45GH5R2,-937,-1133,NA,NA,1995
0,2308,0,Female,P,45GH5R2,-937,-1133,NA,NA,1996
0,2310,1,Female,NA,45DE3R2,-960,-979,NA,NA,1995
0,2310,0,Female,P,45DE3R2,-960,-979,NA,NA,1996
0,2312,1,Male,NA,23FG2R2,-1052,-1059,Y,N,1995
0,2312,0,Male,S,23GH2R2,-1042,-1091,NA,NA,1996
0,2312,0,Male,S,23GH2R2,-1042,-1091,NA,NA,1997
0,2314,1,Male,NA,23GH1R2,-1058,-1100,N,N,1995
0,2314,0,Male,S,23GH1R2,-1058,-1100,NA,NA,1996
0,2314,0,Male,S,12FG3R2,-1074,-1053,NA,NA,1997
0,2314,0,Male,P,12FG3R2,-1074,-1053,NA,NA,1998
0,2315,1,Male,NA,23EF3R2,-1027,-1023,NA,NA,1995
0,2315,0,Male,P,23EF3R2,-1027,-1023,NA,NA,1996
0,2316,1,Male,NA,34GH1R2,-1014,-1093,Y,N,1995
0,2316,0,Male,S,34FG3R2,-985,-1088,NA,NA,1996
0,2316,0,Male,S,34FG3R2,-985,-1088,NA,NA,1997
0,2316,0,Male,S,34FG3R2,-985,-1088,NA,NA,1998
0,2316,0,Male,P,34FG3R2,-985,-1088,NA,NA,1999
0,2317,1,Female,NA,34GH2R2,-983,-1114,NA,NA,1995
0,2317,0,Female,P,34GH2R2,-983,-1114,NA,NA,1996
0,2318,1,Male,NA,34GH2R2,-983,-1114,NA,NA,1995
0,2318,0,Male,P,34GH2R2,-983,-1114,NA,NA,1996
0,2319,1,Female,NA,45GH5R2,-937,-1133,NA,NA,1995
0,2319,0,Female,P,45GH5R2,-937,-1133,NA,NA,1996
0,2320,1,Female,NA,45GH7R2,-941,-1107,NA,NA,1995
0,2320,0,Female,P,45GH7R2,-941,-1107,NA,NA,1996
0,2321,1,Male,NA,45GH1R2,-959,-1094,N,N,1995
0,2321,0,Male,S,45GH1R2,-959,-1094,NA,NA,1996
0,2321,0,Male,S,45GH1R2,-959,-1094,NA,NA,1997
0,2321,0,Male,P,45GH1R2,-959,-1094,NA,NA,1998
0,2323,1,Female,NA,45FG2R2,-969,-1078,Y,N,1995
0,2323,0,Female,S,45DE1R2,-957,-945,NA,NA,1996
0,2324,1,Female,NA,34FG2R2,-986,-1047,NA,NA,1995
0,2324,0,Female,P,34FG2R2,-986,-1047,NA,NA,1996
0,2325,1,Male,NA,45DE3R2,-960,-979,N,N,1995
0,2325,0,Male,S,45DE3R2,-960,-979,NA,NA,1996
0,2325,0,Male,P,45DE3R2,-960,-979,NA,NA,1997
0,2326,1,Female,NA,-10OA1R2,-1196,-767,N,N,1995
0,2326,0,Female,S,-10OA1R2,-1196,-767,NA,NA,1996
0,2326,0,Female,S,01AB2R2,-1138,-805,NA,NA,1997
0,2328,1,Male,NA,23EF2R2,-1035,-1007,NA,NA,1995
0,2328,0,Male,P,23EF2R2,-1035,-1007,NA,NA,1996
0,2330,1,Male,NA,01AB2R2,-1138,-805,N,N,1995
0,2330,0,Male,S,01AB2R2,-1138,-805,NA,NA,1996
0,2330,0,Male,P,01AB2R2,-1138,-805,NA,NA,1997
0,2331,1,Male,NA,12DE1R2,-1087,-936,NA,NA,1995
0,2331,0,Male,P,12DE1R2,-1087,-936,NA,NA,1996
0,2332,1,Male,NA,23DE2R2,-1065,-955,NA,NA,1995
0,2332,0,Male,P,23DE2R2,-1065,-955,NA,NA,1996
0,2333,1,Male,NA,12EF1R2,-1077,-997,NA,NA,1995
0,2333,0,Male,P,12EF1R2,-1077,-997,NA,NA,1996
0,2334,1,Female,NA,23EF1R2,-1049,-1015,NA,NA,1995
0,2334,0,Female,P,23EF1R2,-1049,-1015,NA,NA,1996
0,2335,1,Female,NA,23DE1R2,-1028,-977,NA,NA,1995
0,2335,0,Female,P,23DE1R2,-1028,-977,NA,NA,1996
0,2336,1,Male,NA,34DE2R2,-1001,-977,Y,N,1995
0,2336,0,Male,S,23DE2R2,-1065,-955,NA,NA,1996
0,2336,0,Male,S,23DE2R2,-1065,-955,NA,NA,1997
0,2336,0,Male,S,12EF1R2,-1077,-997,NA,NA,1998
0,2336,0,Male,P,12EF1R2,-1077,-997,NA,NA,1999
0,2337,1,Female,NA,45DE2R2,-974,-961,NA,NA,1995
0,2337,0,Female,P,45DE2R2,-974,-961,NA,NA,1996
0,2338,1,Male,NA,45DE2R2,-974,-961,NA,NA,1995
0,2338,0,Male,P,45DE2R2,-974,-961,NA,NA,1996
0,2339,1,Female,NA,34CD1R2,-984,-930,NA,NA,1995
0,2339,0,Female,P,34CD1R2,-984,-930,NA,NA,1996
0,2340,0,Male,S,45CD1R2,-964,-909,NA,NA,1995
0,2340,0,Male,P,45CD1R2,-964,-909,NA,NA,1996
0,2341,0,Female,S,56BC3R2,-880,-878,NA,NA,1995
0,2341,0,Female,P,56BC3R2,-880,-878,NA,NA,1996
0,2343,1,Male,NA,56BC3R2,-880,-878,NA,NA,1995
0,2343,0,Male,P,56BC3R2,-880,-878,NA,NA,1996
0,2344,1,Female,NA,23EF2R2,-1035,-1007,NA,NA,1995
0,2344,0,Female,S,23EF2R2,-1035,-1007,NA,NA,1996
0,2344,0,Female,S,23EF2R2,-1035,-1007,NA,NA,1997
0,2344,0,Female,S,23EF2R2,-1035,-1007,NA,NA,1998
0,2344,0,Female,S,23EF2R2,-1035,-1007,NA,NA,1999
0,2344,0,Female,S,23EF2R2,-1035,-1007,NA,NA,2000
0,2344,0,Female,P,23EF2R2,-1035,-1007,NA,NA,2001
0,2346,1,Male,NA,12CD3R2,-1114,-914,NA,NA,1995
0,2346,0,Male,P,12CD3R2,-1114,-914,NA,NA,1996
0,2347,1,Female,NA,12CD4R2,-1115,-932,Y,N,1995
0,2347,0,Female,S,12CD3R2,-1114,-914,NA,NA,1996
0,2347,0,Female,S,12CD3R2,-1114,-914,NA,NA,1997
0,2347,0,Female,P,12CD3R2,-1114,-914,NA,NA,1998
0,2348,1,Female,NA,45CD4R2,-931,-917,NA,NA,1995
0,2348,0,Female,P,45CD4R2,-931,-917,NA,NA,1996
0,2349,1,Male,NA,45CD4R2,-931,-917,NA,NA,1995
0,2349,0,Male,P,45CD4R2,-931,-917,NA,NA,1996
0,2351,0,Female,S,12FG4R2,-1121,-1083,NA,NA,1995
0,2351,0,Female,S,12FG4R2,-1121,-1083,NA,NA,1996
0,2351,0,Female,S,12FG4R2,-1121,-1083,NA,NA,1997
0,2352,1,Male,NA,12FG4R2,-1121,-1083,Y,N,1995
0,2352,0,Male,S,12FG1R2,-1107,-1054,NA,NA,1996
0,2352,0,Male,S,12FG6R2,-1107,-1077,NA,NA,1997
0,2352,0,Male,P,12FG6R2,-1107,-1077,NA,NA,1998
0,2353,1,Male,NA,23FG2R2,-1052,-1059,NA,NA,1995
0,2353,0,Male,P,23FG2R2,-1052,-1059,NA,NA,1996
0,2354,1,Female,NA,23FG1R2,-1052,-1054,NA,NA,1995
0,2354,0,Female,P,23FG1R2,-1052,-1054,NA,NA,1996
